,ticker,optionType,strike,expirationDate,volume,impliedVolatility,lastPrice,change,percentChange,delta,gamma,theta,vega,rho,moneyness,intrinsic_value,openInterest,bid,ask
12320,AMD,Call,165,2025-09-12T00:00:00.000,50448,0.699892241916902,0.47,0.16999999,56.666656,0.15676577135772846,0.04124296300051771,-1.0159297150135087,0.01996680882145394,0.0006695698057441616,0.9630000258937027,0,17662,0.46,0.48
12319,AMD,Call,162.5,2025-09-12T00:00:00.000,49504,0.6717939715795116,0.9,0.33999997,59.64911,0.2685161560169964,0.0590149886025185,-1.3408403963530082,0.027423700136601246,0.0011442705686998751,0.9778154109074519,0,8325,0.9,0.91
12318,AMD,Call,160,2025-09-12T00:00:00.000,39656,0.6580999027730111,1.69,0.6700001,65.68629,0.42826934909877906,0.0717063463209462,-1.5662524593588134,0.03264202120059096,0.0018180783576661524,0.9930937767028809,0,19413,1.69,1.72
12385,AMD,Put,160,2025-09-12T00:00:00.000,29891,0.7017140506047069,2.92,-2.1799998,-42.745094,0,0.06740712895753521,0,0.032718518009059186,0,0.9930937767028809,1.1049957275390625,3420,2.88,2.93
12384,AMD,Put,157.5,2025-09-12T00:00:00.000,21447,0.695540018180947,1.66,-1.6899999,-50.44776,0,0.06661241647365061,0,0.03204829522343682,0,1.0088571699838789,0,2540,1.67,1.7
12321,AMD,Call,167.5,2025-09-12T00:00:00.000,21024,0.7373955514265199,0.25,0.09,56.25,0.08942882981605393,0.026353666742063752,-0.720063065307574,0.013442163841669429,0.0003824601176904948,0.9486268911788712,0,7755,0.24,0.25
12383,AMD,Put,155,2025-09-12T00:00:00.000,18332,0.7270360580020045,0.92,-1.1699998,-55.980858,0,0.05256788716263907,0,0.026436508337325217,0,1.0251290598223286,0,8090,0.9,0.92
12322,AMD,Call,170,2025-09-12T00:00:00.000,15368,0.7825061014967578,0.14,0.049999997,49.999992,0.051953211204465326,0.016338214681738378,-0.5024407411637214,0.008843413912905539,0.00022233166346031727,0.9346764957203585,0,11710,0.14,0.15
12438,AMD,Call,165,2025-09-19T00:00:00.000,14486,0.4619174041753374,2.06,0.6999999,51.47058,0.3070245964610475,0.032330464596708706,-0.3529822498563971,0.08264067962337966,0.010241024562504933,0.9630000258937027,0,17528,2.04,2.07
12323,AMD,Call,172.5,2025-09-12T00:00:00.000,13917,0.8435508451259744,0.09,0.030000005,50.000008,0.03317300058459944,0.010538805259868615,-0.3764900872957233,0.006149364919178396,0.00014194586492110347,0.9211304595504982,0,5225,0.08,0.09
12687,AMD,Call,180,2025-10-03T00:00:00.000,12775,0.4487025881097041,1.25,0.39,45.348835,0.14567949911939948,0.013062297649051246,-0.1352185672417898,0.08919252375099235,0.01319864060190995,0.8827500237358941,0,936,1.25,1.27
12440,AMD,Call,170,2025-09-19T00:00:00.000,12331,0.4683455724693885,1.02,0.33999997,47.88732,0.17696741195482385,0.023563529844846987,-0.2632199984805503,0.06106950169791431,0.005939558943265334,0.9346764957203585,0,20116,1.02,1.04
12381,AMD,Put,150,2025-09-12T00:00:00.000,11685,0.809117380464688,0.26,-0.38,-60.31746,0,0.02275034229427137,0,0.012732892929506434,0,1.059300028483073,0,11313,0.26,0.27
12436,AMD,Call,160,2025-09-19T00:00:00.000,11673,0.4638513449904711,3.9,1.22,45.52239,0.47854122907949975,0.03650846456133659,-0.4049472038038767,0.0937108758564548,0.01581102698939963,0.9930937767028809,0,16508,3.8,3.9
13555,AMD,Call,200,2026-05-15T00:00:00.000,10702,0.4597104384710541,12.25,1.3000002,11.872148,0.3633610818651075,0.006258516523842724,-0.0734767843570245,0.4895741708982857,0.30656493482819075,0.7944750213623046,0,10785,12.15,12.3
12316,AMD,Call,155,2025-09-12T00:00:00.000,10010,0.6879856713915714,4.73,1.73,57.666668,0.7612238318095452,0.05417855739595073,-1.3030727785840392,0.025783059560232035,0.003184237370073336,1.0251290598223286,3.8950042724609375,10674,4.65,4.75
12437,AMD,Call,162.5,2025-09-19T00:00:00.000,9707,0.460161080564447,2.85,0.91999996,47.668392,0.38882661242638306,0.03541412875351781,-0.3850068788432586,0.09017871751563082,0.012916735614846391,0.9778154109074519,0,4536,2.82,2.85
12566,AMD,Call,180,2025-09-26T00:00:00.000,9407,0.4673731149927808,0.73,0.25000003,52.083344,0.10536497166398007,0.012108671393660913,-0.1350409774347778,0.05871906081654332,0.006580260666869521,0.8827500237358941,0,2032,0.73,0.74
12317,AMD,Call,157.5,2025-09-12T00:00:00.000,9381,0.6729690468534386,3,1.18,64.83516,0.6068288786275783,0.06870624096919917,-1.5735783628884479,0.031982977986879,0.0025595089660871706,1.0088571699838789,1.3950042724609375,12218,2.97,3.05
12434,AMD,Call,155,2025-09-19T00:00:00.000,7488,0.46273241720849345,6.6,1.6999998,34.693874,0.658852377112466,0.033704473027736125,-0.37709375307366444,0.0863048248240069,0.02149881671807262,1.0251290598223286,3.8950042724609375,18955,6.6,6.65
12859,AMD,Call,180,2025-10-17T00:00:00.000,7426,0.4370254399443563,2.41,0.6200001,34.63688,0.2085997372754701,0.01316327710334503,-0.13081972311479287,0.14325205634036076,0.03031442249978963,0.8827500237358941,0,18403,2.39,2.42
12498,AMD,Put,160,2025-09-19T00:00:00.000,7211,0.4676092697546505,4.9,-1.73,-26.093513,0,0.036216970843054606,0,0.09371580584323853,0,0.9930937767028809,1.1049957275390625,9748,4.9,4.95
12857,AMD,Call,170,2025-10-17T00:00:00.000,7163,0.428502927387407,4.55,1.0500002,30.000004,0.3425954574583556,0.017185216922763837,-0.16598965361196333,0.18337449634167954,0.04920332713305646,0.9346764957203585,0,13811,4.5,4.6
12494,AMD,Put,150,2025-09-19T00:00:00.000,6648,0.49144690311223127,1.34,-0.61,-31.282051,0,0.024245199635201758,0,0.065935601998491,0,1.059300028483073,0,15571,1.33,1.34
12439,AMD,Call,167.5,2025-09-19T00:00:00.000,6441,0.468658278254869,1.49,0.53000003,55.20834,0.23798663524254954,0.028068411696895237,-0.31459648910379223,0.07279335550783082,0.007961619161348712,0.9486268911788712,0,3261,1.45,1.47
12386,AMD,Put,162.5,2025-09-12T00:00:00.000,6344,0.6764591811205948,4.5,-2.6100001,-36.70886,0,0.058770450295626026,0,0.02749971768754836,0,0.9778154109074519,3.6049957275390625,1643,4.5,4.6
13112,AMD,Call,180,2025-12-19T00:00:00.000,5898,0.4647622053601527,8.4,1.3299994,18.811872,0.36339675137750127,0.009758641057177105,-0.11342645563974084,0.3105867784512423,0.13383153172355952,0.8827500237358941,0,8751,8.3,8.35
12382,AMD,Put,152.5,2025-09-12T00:00:00.000,5068,0.7589591599921981,0.48,-0.6999999,-59.32203,0,0.03616293814914415,0,0.018984962212624808,0,1.0419344542456455,0,6788,0.48,0.49
12558,AMD,Call,160,2025-09-26T00:00:00.000,4780,0.43952031658804314,5.25,1.3499999,34.61538,0.49410369796017295,0.028175668743459753,-0.2842890835822093,0.12849081040291266,0.030107099670583736,0.9930937767028809,0,4278,5.2,5.3
12442,AMD,Call,175,2025-09-19T00:00:00.000,4779,0.49273279328107755,0.54,0.20000002,58.823536,0.1011619391376814,0.015269074255029177,-0.18817158709751594,0.04163339078051816,0.0034047401099161255,0.9079714529854911,0,16490,0.53,0.54
12683,AMD,Call,170,2025-10-03T00:00:00.000,4536,0.43821672749331547,2.95,0.84000015,39.810436,0.29057190672331357,0.020042352662609668,-0.19966461218093348,0.13365584420348864,0.026050666737689774,0.9346764957203585,0,14361,2.89,2.93
12373,AMD,Put,142,2025-09-12T00:00:00.000,3926,1.0177264624111413,0.05,-0.06,-54.545456,0,0.004784065375929336,0,0.0033678736835148866,0,1.1189789033271897,0,1082,0.05,0.06
13157,AMD,Put,130,2025-12-19T00:00:00.000,3749,0.4849575621110993,4.04,-0.46000004,-10.222223,0,0.006246900285202095,0,0.2074584485058792,0,1.2222692636343149,0,5894,4,4.05
12858,AMD,Call,175,2025-10-17T00:00:00.000,3612,0.43209483390341286,3.32,0.78999996,31.225296,0.26943934228196603,0.015318504422174577,-0.14954169716179133,0.164825940521323,0.03895157139589682,0.9079714529854911,0,9032,3.35,3.4
12324,AMD,Call,175,2025-09-12T00:00:00.000,3597,0.8785614572186182,0.05,0.010000002,25.000004,0.019039238053141654,0.006354953350817325,-0.24619571348689506,0.0038619988062223443,0.0000815134195013245,0.9079714529854911,0,3040,0.05,0.06
12444,AMD,Call,180,2025-09-19T00:00:00.000,3593,0.513978688015005,0.28,0.09,47.368423,0.05598576871048421,0.009330497521893896,-0.12484428535606736,0.026537959190220145,0.0018884074429478133,0.8827500237358941,0,18725,0.28,0.29
12900,AMD,Put,140,2025-10-17T00:00:00.000,3571,0.4541599562928794,2.07,-0.4100001,-16.53226,0,0.010819914832614635,0,0.12236657489157986,0,1.134964316231864,0,14705,2.08,2.09
13156,AMD,Put,125,2025-12-19T00:00:00.000,3508,0.4948098384937878,3.15,-0.19999981,-5.970144,0,0.005308650521677611,0,0.17988099382184264,0,1.2711600341796876,0,10777,3.05,3.15
12856,AMD,Call,165,2025-10-17T00:00:00.000,3442,0.4329080622943042,6.3,1.3700004,27.789053,0.42845407663565604,0.018169350404803476,-0.18038331299581897,0.19586877037804296,0.06093292175760909,0.9630000258937027,0,9306,6.2,6.3
12863,AMD,Call,200,2025-10-17T00:00:00.000,3389,0.46650434665191226,0.69,0.19,38,0.07075322458634026,0.005815344459395807,-0.06507315256012505,0.06755558533940784,0.010407781403444633,0.7944750213623046,0,11615,0.68,0.69
12499,AMD,Put,162.5,2025-09-19T00:00:00.000,3378,0.46430740995209285,6.35,-2.15,-25.294119,0,0.03512876576489079,0,0.09025808493223955,0,0.9778154109074519,3.6049957275390625,2095,6.25,6.35
12441,AMD,Call,172.5,2025-09-19T00:00:00.000,3282,0.4781702389451078,0.73,0.25000003,52.083344,0.1329141799671299,0.019096702792520043,-0.22196896629913915,0.05053107529118794,0.004468909412328273,0.9211304595504982,0,2590,0.73,0.74
12496,AMD,Put,155,2025-09-19T00:00:00.000,3240,0.46977391897431037,2.63,-1.1699998,-30.78947,0,0.033268230781929725,0,0.0864840891789134,0,1.0251290598223286,0,7781,2.65,2.69
12861,AMD,Call,190,2025-10-17T00:00:00.000,3130,0.449870900203983,1.27,0.37,41.11111,0.12163901350244771,0.008996250918996307,-0.09407314233633378,0.10078121370314452,0.01781046401441362,0.836289496170847,0,7507,1.25,1.27
12860,AMD,Call,185,2025-10-17T00:00:00.000,3112,0.44158338774009465,1.73,0.45000005,35.156254,0.15888294370038197,0.010991154564799556,-0.11109666049764252,0.1208609947946156,0.023193573058941416,0.8588919149862754,0,5942,1.72,1.75
12497,AMD,Put,157.5,2025-09-19T00:00:00.000,2964,0.4705810175905884,3.67,-1.4299998,-28.039213,0,0.0354971163709185,0,0.09243683934493316,0,1.0088571699838789,0,2962,3.65,3.7
12443,AMD,Call,177.5,2025-09-19T00:00:00.000,2903,0.5007652406429344,0.38,0.14999999,65.217384,0.07427680768874528,0.011928120532101093,-0.15165393157853513,0.03305398329837803,0.002503498887681742,0.8951831226617517,0,2027,0.37,0.39
12902,AMD,Put,150,2025-10-17T00:00:00.000,2748,0.44140033709316223,4.6,-0.75,-14.018692,0,0.015875923145171875,0,0.17450254718627392,0,1.059300028483073,0,12960,4.45,4.5
12855,AMD,Call,160,2025-10-17T00:00:00.000,2746,0.4309421960783662,8.35,1.6500006,24.626875,0.5181910967521963,0.01853208045568427,-0.1841500405597155,0.19887185277414307,0.0729744426072902,0.9930937767028809,0,11078,8.3,8.35
12570,AMD,Call,190,2025-09-26T00:00:00.000,2733,0.5012951253831481,0.29,0.099999994,52.631573,0.04529804814018753,0.00590135637987251,-0.07538617548735094,0.0306947573426992,0.0028387535148366723,0.836289496170847,0,1435,0.28,0.3
12560,AMD,Call,165,2025-09-26T00:00:00.000,2350,0.4364474038454814,3.26,0.9000001,38.135597,0.35818974558891103,0.026564879297097846,-0.2620070605168876,0.12029806508753912,0.022049819653028102,0.9630000258937027,0,1770,3.3,3.35
12556,AMD,Call,155,2025-09-26T00:00:00.000,2187,0.4649467791375288,8.2,2.0499997,33.33333,0.6284993018086396,0.02524368286991039,-0.2879189929748458,0.12177968315310363,0.037670712018954444,1.0251290598223286,3.8950042724609375,3318,7.85,7.95
12495,AMD,Put,152.5,2025-09-19T00:00:00.000,2181,0.4847046182893855,1.93,-0.82000005,-29.818184,0,0.028860436459213372,0,0.07741010579049923,0,1.0419344542456455,0,5957,1.9,1.93
12562,AMD,Call,170,2025-09-26T00:00:00.000,2111,0.44422741089729934,2,0.65,48.148148,0.24608069287960693,0.022021441439048765,-0.22358301594850422,0.1015009194817349,0.015246983320469296,0.9346764957203585,0,3800,1.97,2.01
12559,AMD,Call,162.5,2025-09-26T00:00:00.000,2095,0.4521100877910831,4.35,1.29,42.156864,0.4281778245519905,0.02694891427054321,-0.28605193028174003,0.1264166713658737,0.026172048189682832,0.9778154109074519,0,2175,4.15,4.2
12387,AMD,Put,165,2025-09-12T00:00:00.000,2070,0.7211379425030118,6.6,-2.7999997,-29.787231,0,0.041269834895516,0,0.020586319060519127,0,0.9630000258937027,6.1049957275390625,1708,6.45,6.65
12315,AMD,Call,152.5,2025-09-12T00:00:00.000,1960,0.7633094304886258,6.9,2.3000002,50.000004,0.8533459781796364,0.03617709667500185,-1.0763325364644483,0.019101257533606884,0.003525819530102485,1.0419344542456455,6.3950042724609375,5093,6.7,6.85
12867,AMD,Call,240,2025-10-17T00:00:00.000,1933,0.5555612693173984,0.11,0.019999996,19.999994,0.012105443996557842,0.0011351989660777796,-0.01783982594002936,0.0157048600533781,0.0017886521841071626,0.6620625178019206,0,1760,0.11,0.12
12380,AMD,Put,149,2025-09-12T00:00:00.000,1920,0.8264331981052051,0.2,-0.3,-60.000004,0,0.018546482336946443,0,0.010602222800053884,0,1.0664094246473887,0,3812,0.21,0.22
12435,AMD,Call,157.5,2025-09-19T00:00:00.000,1810,0.48106979005936695,5.3,1.6300001,44.414173,0.5681769998896318,0.03473672614135911,-0.4162013684381853,0.09247292149716156,0.01862586012602237,1.0088571699838789,1.3950042724609375,3240,5.1,5.15
12771,AMD,Call,162.5,2025-10-10T00:00:00.000,1790,0.4369743738620207,6.43,1.5299997,31.224483,0.4622557922174543,0.020292789025482198,-0.20474620285884013,0.17787844673231556,0.053248875241137104,0.9778154109074519,0,607,6.25,6.3
12493,AMD,Put,145,2025-09-19T00:00:00.000,1717,0.5188818736484746,0.65,-0.28000003,-30.10753,0,0.015131166906899293,0,0.043446873551539415,0,1.0958276156721445,0,22677,0.64,0.66
12376,AMD,Put,145,2025-09-12T00:00:00.000,1705,0.9381783527983718,0.09,-0.099999994,-52.631573,0,0.008565574309913365,0,0.005558652394563836,0,1.0958276156721445,0,3852,0.09,0.1
13225,AMD,Call,200,2026-01-16T00:00:00.000,1696,0.4547499204627238,5.62,0.88999987,18.816065,0.25088717971654767,0.007469627087201332,-0.082816633410778,0.29840280073229253,0.11915285960566431,0.7944750213623046,0,25855,5.55,5.65
12446,AMD,Call,185,2025-09-19T00:00:00.000,1670,0.5488326443843488,0.17,0.060000002,54.545456,0.034328631853587956,0.005890529261732061,-0.08972294496974996,0.017890062650407407,0.001158279036721883,0.8588919149862754,0,10456,0.16,0.17
12448,AMD,Call,190,2025-09-19T00:00:00.000,1662,0.5764903857408367,0.1,0.040000003,66.66668,0.020586166384547105,0.0036588311400858604,-0.06141724625436229,0.011672181822181372,0.0006950222456167016,0.836289496170847,0,17178,0.1,0.11
13218,AMD,Call,165,2026-01-16T00:00:00.000,1662,0.4544331580369786,15.3,1.9499998,14.60674,0.518065947985562,0.009356830760585591,-0.10743409043596709,0.3735339921081174,0.2331862345030128,0.9630000258937027,0,7300,15.25,15.3
12898,AMD,Put,130,2025-10-17T00:00:00.000,1599,0.48443146444061663,0.9,-0.15999997,-15.0943365,0,0.006010764861330898,0,0.07250904824160814,0,1.2222692636343149,0,22364,0.89,0.91
12738,AMD,Put,150,2025-10-03T00:00:00.000,1594,0.45036815309625844,3.15,-0.64999986,-17.105259,0,0.01898832232700633,0,0.1301381325140963,0,1.059300028483073,0,1338,3.05,3.1
13244,AMD,Call,390,2026-01-16T00:00:00.000,1586,0.570253843753658,0.11,0.030000001,37.5,0.00695094553849877,0.00036233798932957406,-0.006060410449198209,0.018151538194953194,0.0034602124978561745,0.407423087878105,0,20522,0.09,0.11
12899,AMD,Put,135,2025-10-17T00:00:00.000,1571,0.46686962589308295,1.36,-0.27999997,-17.073168,0,0.008218215930081778,0,0.09554397163673452,0,1.1770000316478588,0,20848,1.35,1.38
12492,AMD,Put,140,2025-09-19T00:00:00.000,1496,0.5629214294240744,0.34,-0.099999994,-23.255812,0,0.008766284431280266,0,0.027307437482274224,0,1.134964316231864,0,18439,0.33,0.34
12432,AMD,Call,150,2025-09-19T00:00:00.000,1468,0.481299691818876,10.3,2.3000002,28.750002,0.8041158377432868,0.024418545827392498,-0.3020075765505778,0.06503587526658557,0.02574684700795026,1.059300028483073,8.895004272460938,10308,10.2,10.3
13223,AMD,Call,190,2026-01-16T00:00:00.000,1465,0.4512581847902105,7.47,1.27,20.483871,0.31338916002985057,0.008380573811079053,-0.0922081271685008,0.3322233782296769,0.14727118997478156,0.836289496170847,0,7164,7.45,7.5
13268,AMD,Put,140,2026-01-16T00:00:00.000,1417,0.46319552875124725,7.79,-0.46000004,-5.575758,0,0.007434949358673116,0,0.3025336699978583,0,1.134964316231864,0,21623,7.7,7.8
12904,AMD,Put,160,2025-10-17T00:00:00.000,1377,0.42968479151297534,8.8,-1.2799997,-12.69841,0,0.01858653313434157,0,0.19887422255816112,0,0.9930937767028809,1.1049957275390625,8594,8.7,8.8
13012,AMD,Call,160,2025-11-21T00:00:00.000,1342,0.4844373841388262,13.58,1.8199997,15.476188,0.5441167339812826,0.011679199615309242,-0.1488703103153313,0.27786682705377713,0.14176157766350164,0.9930937767028809,0,4054,13.45,13.6
12624,AMD,Put,150,2025-09-26T00:00:00.000,1236,0.45525021219679795,2.24,-0.70000005,-23.809526,0,0.021469066657781297,0,0.10141033139577045,0,1.059300028483073,0,2921,2.27,2.29
12679,AMD,Call,160,2025-10-03T00:00:00.000,1193,0.431909144756667,6.38,1.4100003,28.256521,0.5041485948045543,0.023676583383403938,-0.23295799964104943,0.15561868247991753,0.044438006815324546,0.9930937767028809,0,1258,6.35,6.45
13270,AMD,Put,150,2026-01-16T00:00:00.000,1192,0.4321561792211439,10.68,-1.6700001,-13.522266,0,0.009062508230167203,0,0.3440491456177921,0,1.059300028483073,0,20940,11.45,11.55
13116,AMD,Call,200,2025-12-19T00:00:00.000,1188,0.4682116760113074,4.33,0.73,20.277779,0.21854682125241293,0.007612916683284403,-0.08842846307489909,0.24409345393172555,0.0824439400429276,0.7944750213623046,0,10401,4.25,4.35
13110,AMD,Call,170,2025-12-19T00:00:00.000,1177,0.46185521962769593,11.45,1.5299997,15.423384,0.4540319876206701,0.010368763340946911,-0.12043103418787413,0.3279409379475424,0.16462049442929344,0.9346764957203585,0,5492,11.35,11.45
13266,AMD,Put,130,2026-01-16T00:00:00.000,1166,0.4598281828145239,4.7,-0.6500001,-12.149534,0,0.0060240169790920966,0,0.24333978243298549,0,1.2222692636343149,0,14771,4.95,5.05
12728,AMD,Put,140,2025-10-03T00:00:00.000,1146,0.4767697695906544,1.19,-0.26,-17.931034,0,0.010936331133691862,0,0.07934702794401165,0,1.134964316231864,0,1925,1.15,1.19
12564,AMD,Call,175,2025-09-26T00:00:00.000,1140,0.4561582181074601,1.22,0.43,54.430378,0.163544679121933,0.016797308750576164,-0.1790209051545954,0.07950127416677326,0.010177985953897725,0.9079714529854911,0,1925,1.2,1.22
12500,AMD,Put,165,2025-09-19T00:00:00.000,1124,0.47752567459956613,8.15,-2.2600002,-21.709898,0,0.0315653862606744,0,0.08341140631208754,0,0.9630000258937027,6.1049957275390625,11992,8.1,8.2
12901,AMD,Put,145,2025-10-17T00:00:00.000,1115,0.44775608562984986,3.15,-0.5,-13.698629,0,0.013486285994038987,0,0.15037096430049432,0,1.0958276156721445,0,14735,3.05,3.15
12314,AMD,Call,150,2025-09-12T00:00:00.000,1104,0.6388477330076848,9,2.4499998,37.404575,0.9593152847827152,0.01644372144803424,-0.3589567201492222,0.007266496871889953,0.003929600171895524,1.059300028483073,8.895004272460938,3191,9,9.2
12377,AMD,Put,146,2025-09-12T00:00:00.000,1075,0.9114026933755878,0.11,-0.13,-54.166668,0,0.010409384383649191,0,0.006562404179228744,0,1.0883219470716503,0,1622,0.1,0.12
12433,AMD,Call,152.5,2025-09-19T00:00:00.000,1057,0.4835874885766226,8.45,2.1,33.070866,0.7329712252939298,0.02890433129566833,-0.35575781378806626,0.0773491581276315,0.023674622679379708,1.0419344542456455,6.3950042724609375,2145,8.4,8.5
12379,AMD,Put,148,2025-09-12T00:00:00.000,1029,0.8728712379506148,0.18,-0.19999999,-52.631573,0,0.015774280119494093,0,0.009524174713290834,0,1.0736148937328442,0,2984,0.17,0.18
12573,AMD,Call,197.5,2025-09-26T00:00:00.000,1018,0.5364501205196759,0.17,0.07,70,0.02677454802430308,0.0035820256211227045,-0.05228724978952907,0.019937785333867825,0.0016784966805677463,0.8045316672023338,0,2846,0.15,0.16
13014,AMD,Call,170,2025-11-21T00:00:00.000,1011,0.4815231961757877,9.5,1.4499998,18.01242,0.43043356330129195,0.011642042023489622,-0.14457213835103877,0.27531656720904063,0.11456043135516777,0.9346764957203585,0,5285,9.4,9.45
12865,AMD,Call,220,2025-10-17T00:00:00.000,1008,0.5167354322523859,0.27,0.09,49.999996,0.02874362159563659,0.0025466271884050425,-0.03474579693823202,0.03276904129257228,0.0042383518779399556,0.722250019420277,0,8704,0.25,0.27
13696,AMD,Put,135,2026-06-18T00:00:00.000,1003,0.4548996456847627,11.5,-0.9499998,-7.630521,0,0.004982914623478951,0,0.43902039642938967,0,1.1770000316478588,0,4170,11.9,12
12864,AMD,Call,210,2025-10-17T00:00:00.000,979,0.48707500172979556,0.4,0.099999994,33.33333,0.04264848245624596,0.0037345094010157293,-0.045395013776357816,0.04529596538398785,0.006289279695221105,0.7566428774879093,0,8459,0.4,0.41
12852,AMD,Call,145,2025-10-17T00:00:00.000,970,0.4878342400852605,18.23,3.4799995,23.593216,0.7579276628923437,0.012829991014569782,-0.1691763756659888,0.15585787613758847,0.10080090664125564,1.0958276156721445,13.895004272460938,4323,17.6,17.75
13016,AMD,Call,180,2025-11-21T00:00:00.000,963,0.48094288048840944,6.5,1.0799999,19.926197,0.3280861652557307,0.010719722976511081,-0.1314541858079355,0.25319961019007364,0.08876216265022388,0.8827500237358941,0,5634,6.45,6.5
12491,AMD,Put,135,2025-09-19T00:00:00.000,948,0.6147933235405465,0.19,-0.040000007,-17.391306,0,0.005023136356634278,0,0.01708919945658169,0,1.1770000316478588,0,17988,0.18,0.19
13011,AMD,Call,155,2025-11-21T00:00:00.000,940,0.48431170300650794,16,1.9099998,13.555712,0.6023436073685595,0.011365240066244332,-0.14619447300026378,0.27032707641429937,0.15505114232078065,1.0251290598223286,3.8950042724609375,14924,15.9,16.05
13104,AMD,Call,140,2025-12-19T00:00:00.000,938,0.47395040185279547,27,2.3500004,9.53347,0.7518338821434603,0.00807061309438964,-0.10549258976850338,0.2619402512291849,0.2507890998252393,1.134964316231864,18.895004272460938,4802,27.1,27.3
13551,AMD,Call,180,2026-05-15T00:00:00.000,917,0.4786108911329535,18.65,3.5499992,23.50993,0.4791329534342452,0.0063811872182847704,-0.0823486300133417,0.5196929105292947,0.3874118038361853,0.8827500237358941,0,507,17.6,17.75
12778,AMD,Call,180,2025-10-10T00:00:00.000,891,0.4475929595703657,1.9,0.5799999,43.93939,0.18399949823576883,0.013270450484172087,-0.13752009311793523,0.1191501331450024,0.021719491251802513,0.8827500237358941,0,233,1.81,1.85
12614,AMD,Put,140,2025-09-26T00:00:00.000,877,0.4907073254224433,0.69,-0.23000002,-25.000002,0,0.010298845413057627,0,0.05243604908309002,0,1.134964316231864,0,1661,0.7,0.73
12942,AMD,Call,165,2025-10-24T00:00:00.000,855,0.43114765124042437,7.1,1.5,26.785715,0.4408025211418865,0.016779125863697713,-0.16623755702676932,0.21517481264282576,0.07415004642867176,0.9630000258937027,0,326,7.05,7.15
13017,AMD,Call,185,2025-11-21T00:00:00.000,839,0.4816632214270158,5.35,0.9000001,20.224722,0.28325583315304614,0.010028337815956601,-0.12284319277735449,0.23722388360877147,0.0771428360041848,0.8588919149862754,0,4153,5.3,5.4
13114,AMD,Call,190,2025-12-19T00:00:00.000,837,0.46602023719013347,6.05,1,19.80198,0.28414650511709666,0.008790877863981637,-0.10184454175359269,0.2805432597816506,0.10605059052915085,0.836289496170847,0,3867,5.95,6
12681,AMD,Call,165,2025-10-03T00:00:00.000,832,0.4345621270089256,4.4,1.1500001,35.384617,0.3907208333685064,0.022644799582177605,-0.22337719250502092,0.14975131946976117,0.034768190321189676,0.9630000258937027,0,1308,4.35,4.4
13020,AMD,Call,200,2025-11-21T00:00:00.000,825,0.4907840019115361,3.03,0.56999993,23.170729,0.17911876520672576,0.007605729649093284,-0.09580898156049905,0.1833231250587006,0.04946867025640667,0.7944750213623046,0,9374,2.99,3.05
13697,AMD,Put,140,2026-06-18T00:00:00.000,801,0.46213310141018055,13.8,-0.5999994,-4.1666627,0,0.005209096427745847,0,0.4662460084965481,0,1.134964316231864,0,6681,13.7,13.85
12565,AMD,Call,177.5,2025-09-26T00:00:00.000,789,0.46536170149427913,0.97,0.38000005,64.40679,0.13368847975032289,0.014387498557744925,-0.15930117557159382,0.06946960226815983,0.00833113625798892,0.8951831226617517,0,813,0.92,0.94
13108,AMD,Call,160,2025-12-19T00:00:00.000,788,0.46663160847272245,15.65,1.9499998,14.233576,0.5547365791543268,0.010233892331634874,-0.12313665340303825,0.327022634736189,0.1966299243936136,0.9930937767028809,0,5997,15.55,15.65
12903,AMD,Put,155,2025-10-17T00:00:00.000,768,0.4289432012657747,6.35,-1.0799999,-14.5356655,0,0.017916950697643166,0,0.19137888043966045,0,1.0251290598223286,0,10827,6.3,6.4
12854,AMD,Call,155,2025-10-17T00:00:00.000,756,0.4391115827985953,11.05,1.9499998,21.42857,0.60931301072971,0.0175184197332377,-0.18282714220438254,0.19155784513891805,0.0845919058617501,1.0251290598223286,3.8950042724609375,7812,11,11.05
12378,AMD,Put,147,2025-09-12T00:00:00.000,752,0.8782360803979051,0.13,-0.16,-53.333332,0,0.012484725833342413,0,0.007584341964835782,0,1.080918396411299,0,1836,0.13,0.14
12628,AMD,Put,160,2025-09-26T00:00:00.000,721,0.4424622953182034,6.13,-1.54,-20.078226,0,0.02798860557290146,0,0.12849209510918905,0,0.9930937767028809,1.1049957275390625,2061,6.1,6.2
13265,AMD,Put,125,2026-01-16T00:00:00.000,707,0.47860354697657825,3.95,-0.29999995,-7.0588226,0,0.005176716486420528,0,0.21765148569862583,0,1.2711600341796876,0,14904,3.9,3.95
13111,AMD,Call,175,2025-12-19T00:00:00.000,701,0.4610667768335131,9.75,1.3500004,16.071432,0.4064026706130196,0.010166877379388744,-0.11697170348900082,0.3210067991326147,0.14870438504811323,0.9079714529854911,0,4350,9.8,9.85
12557,AMD,Call,157.5,2025-09-26T00:00:00.000,700,0.4409160701886013,6.5,1.5999999,32.653057,0.5642440898566135,0.027724535052863476,-0.28320073436108406,0.12683499036632562,0.03417352071307291,1.0088571699838789,1.3950042724609375,1049,6.55,6.6
13455,AMD,Put,115,2026-03-20T00:00:00.000,700,0.4813128250251691,3.9,-0.4499998,-10.344824,0,0.0036695788676418418,0,0.23212658524612714,0,1.3816956893257473,0,4528,4.05,4.15
13109,AMD,Call,165,2025-12-19T00:00:00.000,695,0.4663685740285114,13.5,2.04,17.801046,0.5043427303218395,0.010336503296307212,-0.12319910667643778,0.33011536724281787,0.18074291749693308,0.9630000258937027,0,7465,13.35,13.45
13331,AMD,Call,200,2026-02-20T00:00:00.000,687,0.4619280837869327,7.85,1.0499997,15.441172,0.2959581401933188,0.00706666671022832,-0.0817543353607498,0.36578981746721484,0.17387823923229842,0.7944750213623046,0,6543,7.75,7.85
12554,AMD,Call,150,2025-09-26T00:00:00.000,674,0.44719600584348945,11.3,2.0900002,22.692726,0.757699219155624,0.02169343917328621,-0.2346438591366497,0.1006572833563817,0.04483340575272872,1.059300028483073,8.895004272460938,2161,11.4,11.5
12613,AMD,Put,135,2025-09-26T00:00:00.000,666,0.5136264096935863,0.37,-0.13999999,-27.450977,0,0.006356008921119322,0,0.033872770915574196,0,1.1770000316478588,0,5779,0.39,0.41
12490,AMD,Put,130,2025-09-19T00:00:00.000,665,0.6783400913183169,0.12,-0.020000003,-14.285716,0,0.0030108139588045763,0,0.01130183636327909,0,1.2222692636343149,0,9749,0.11,0.13
13221,AMD,Call,180,2026-01-16T00:00:00.000,658,0.4509620443618119,10,1.3299999,15.340254,0.3883942403145626,0.00906673603735807,-0.10057642075054382,0.35918840219037734,0.17993605118413886,0.8827500237358941,0,13595,9.9,10
13161,AMD,Put,150,2025-12-19T00:00:00.000,656,0.4654942484650356,10.15,-0.8500004,-7.7272763,0,0.009546478633419894,0,0.30431288431455733,0,1.059300028483073,0,5240,10.2,10.3
13215,AMD,Call,150,2026-01-16T00:00:00.000,647,0.46353418586910367,22.73,2.2299995,10.878047,0.6547977151944367,0.00848228197651997,-0.10420603403515795,0.34540277088500665,0.28292846275846706,1.059300028483073,8.895004272460938,16502,22.5,22.7
12727,AMD,Put,135,2025-10-03T00:00:00.000,646,0.4691547351700399,0.57,-0.31,-35.227272,0,0.007146897578435153,0,0.05102511177121753,0,1.1770000316478588,0,1126,0.71,0.73
13113,AMD,Call,185,2025-12-19T00:00:00.000,636,0.4623528665356237,7.05,1.1000004,18.487402,0.3205150601890896,0.009352933469570519,-0.10712262963476882,0.29613123361495075,0.11901221764260861,0.8588919149862754,0,3986,7.05,7.15
12561,AMD,Call,167.5,2025-09-26T00:00:00.000,626,0.44346653738140995,2.6,0.78999996,43.64641,0.30034342974524186,0.024352853277850636,-0.24707966247395474,0.11205457370421082,0.018543727624346206,0.9486268911788712,0,1564,2.55,2.58
12940,AMD,Call,160,2025-10-24T00:00:00.000,621,0.4285149931493825,9.15,1.5799994,20.871855,0.5233092117110542,0.01704134498884794,-0.168502834929221,0.21720307407955056,0.08717951878130913,0.9930937767028809,0,971,9.15,9.25
12680,AMD,Call,162.5,2025-10-03T00:00:00.000,620,0.43514170917416356,5.35,1.4199998,36.132313,0.4466949102909803,0.02329185977452006,-0.23134751031901485,0.1542357971771483,0.0395563554230625,0.9778154109074519,0,464,5.25,5.35
13219,AMD,Call,170,2026-01-16T00:00:00.000,619,0.45240839741215966,13.3,1.6300001,13.967439,0.4730675482035602,0.009386908200698894,-0.10606436645712947,0.3730650551418786,0.21526698361114655,0.9346764957203585,0,9077,13.25,13.4
13264,AMD,Put,120,2026-01-16T00:00:00.000,607,0.4836243336905542,3.04,-0.30999994,-9.25373,0,0.0044100800017353075,0,0.18736391601928773,0,1.3241250356038412,0,18492,3.05,3.1
12489,AMD,Put,125,2025-09-19T00:00:00.000,592,0.7456270301222107,0.08,-0.020000003,-20.000002,0,0.001864532040901427,0,0.007693236845155328,0,1.2711600341796876,0,9589,0.08,0.09
12853,AMD,Call,150,2025-10-17T00:00:00.000,587,0.4422242874555936,14.1,2.3000002,19.491526,0.6959009565943335,0.015852017831342123,-0.1706093118938942,0.17456503722446556,0.09515360758809824,1.059300028483073,8.895004272460938,15924,13.95,14.1
13649,AMD,Call,175,2026-06-18T00:00:00.000,581,0.4551766311407683,20.9,2.1999989,11.764699,0.5136177862399434,0.006294107675977848,-0.07496240834570003,0.5548809032448259,0.4657305231485524,0.9079714529854911,0,3082,20.75,20.85
13015,AMD,Call,175,2025-11-21T00:00:00.000,568,0.4882238778007971,8.07,1.4999995,22.831043,0.3803544890291749,0.011131598104734755,-0.14123065223187256,0.26690856128495954,0.1018634629948814,0.9079714529854911,0,5013,7.8,7.85
13220,AMD,Call,175,2026-01-16T00:00:00.000,561,0.45836616045969125,11.8,1.75,17.412935,0.4323464544692349,0.00915222048623527,-0.10535693447116314,0.36852789323088325,0.1979727904032657,0.9079714529854911,0,7155,11.5,11.55
12563,AMD,Call,172.5,2025-09-26T00:00:00.000,552,0.45180148639906226,1.58,0.5300001,50.4762,0.2023571967274751,0.01937283877515054,-0.20295022959407188,0.0908154627458029,0.01256447163229125,0.9211304595504982,0,675,1.54,1.56
12502,AMD,Put,170,2025-09-19T00:00:00.000,526,0.47225725502475063,12,-2.8500004,-19.322037,0,0.023547055798779214,0,0.06153650972692492,0,0.9346764957203585,11.104995727539062,8043,11.9,12.05
13217,AMD,Call,160,2026-01-16T00:00:00.000,523,0.45575389882730294,17.49,1.8899994,12.11538,0.5637208463673511,0.009219906642768949,-0.10737669438793546,0.36913757826988103,0.25080734627632817,0.9930937767028809,0,15731,17.4,17.55
13159,AMD,Put,140,2025-12-19T00:00:00.000,522,0.4753126776198234,6.63,-0.52,-7.272727,0,0.008054274047502807,0,0.2621613209375805,0,1.134964316231864,0,4341,6.5,6.6
13454,AMD,Put,110,2026-03-20T00:00:00.000,514,0.490151261316463,3.15,-0.3399999,-9.742118,0,0.0031469236581091074,0,0.20272044668200928,0,1.444500038840554,0,10054,3.25,3.35
12555,AMD,Call,152.5,2025-09-26T00:00:00.000,511,0.4463008611524984,9.55,2,26.490065,0.6975774089161846,0.024273463751655667,-0.25827970696976216,0.11240311806881075,0.04162667070004494,1.0419344542456455,6.3950042724609375,1595,9.5,9.6
13013,AMD,Call,165,2025-11-21T00:00:00.000,508,0.48464722486451395,11.45,1.6799994,17.19549,0.4867954128695647,0.011739601884746811,-0.14859236824388217,0.2794248779202816,0.12818779462324373,0.9630000258937027,0,5781,11.3,11.4
12905,AMD,Put,165,2025-10-17T00:00:00.000,505,0.42957247721905,11.69,-1.6100006,-12.105268,0,0.018302285731377634,0,0.19578161279542225,0,0.9630000258937027,6.1049957275390625,5101,11.6,11.75
12768,AMD,Call,155,2025-10-10T00:00:00.000,499,0.4377774362182295,10.1,1.9100008,23.321135,0.6135487215862004,0.01951686975944392,-0.20124433652316465,0.17139145158080055,0.06943301302455523,1.0251290598223286,3.8950042724609375,1100,9.95,10.05
12862,AMD,Call,195,2025-10-17T00:00:00.000,494,0.45886239642439647,0.94,0.26999998,40.298504,0.09318026520571815,0.007276780474100322,-0.07895372125798629,0.08314801094991181,0.013675935094985719,0.81484617575621,0,3644,0.92,0.94
12689,AMD,Call,185,2025-10-03T00:00:00.000,492,0.46246737535213717,0.85,0.28000003,49.122814,0.10352333040728795,0.009976187402832704,-0.10936108293784486,0.07020951971198515,0.00940234193430243,0.8588919149862754,0,929,0.84,0.86
13460,AMD,Put,140,2026-03-20T00:00:00.000,480,0.4563447484481392,10.35,-1.0699997,-9.369524,0,0.006321846215329053,0,0.3791562389711294,0,1.134964316231864,0,2736,10.65,10.75
12685,AMD,Call,175,2025-10-03T00:00:00.000,479,0.4469662150512637,1.98,0.62,45.588234,0.21100165714517355,0.01657520716547285,-0.17088911338611742,0.11274154051735838,0.0190146959643488,0.9079714529854911,0,1193,1.9,1.94
12445,AMD,Call,182.5,2025-09-19T00:00:00.000,471,0.5373793895116676,0.23,0.09,64.28571,0.045497795721181095,0.007564876432940224,-0.11054539592601263,0.02249574874326185,0.0015341090291516985,0.8706575576573202,0,1042,0.21,0.22
13119,AMD,Call,230,2025-12-19T00:00:00.000,469,0.4918542157958375,1.77,0.47000003,36.15385,0.10144732643524679,0.0043571905200920896,-0.05508199494420803,0.14675934487462572,0.038920489407355326,0.6908478446628736,0,6451,1.67,1.69
13021,AMD,Call,210,2025-11-21T00:00:00.000,468,0.49659959766979955,2.06,0.39,23.353294,0.12962138605220663,0.006066337063176402,-0.07788493144189998,0.14795132910738407,0.03605669969946042,0.7566428774879093,0,3978,2.05,2.09
12626,AMD,Put,155,2025-09-26T00:00:00.000,462,0.4443476006389633,3.8,-1.2,-24.000002,0,0.026317896377899483,0,0.1213368993314398,0,1.0251290598223286,0,1434,3.75,3.85
13009,AMD,Call,145,2025-11-21T00:00:00.000,458,0.5233807074699338,22.68,3.58,18.743456,0.7073142542846107,0.009372806538470254,-0.142855483415266,0.24092026553736304,0.1745018576277624,1.0958276156721445,13.895004272460938,3399,21.8,22
12374,AMD,Put,143,2025-09-12T00:00:00.000,451,0.9896065486258142,0.06,-0.06,-50,0,0.0057740867679967325,0,0.00395251464621766,0,1.1111538760311954,0,1307,0.06,0.07
12774,AMD,Call,170,2025-10-10T00:00:00.000,441,0.43980478824210334,3.9,1.0900002,38.790043,0.32372296997380245,0.018242070710412298,-0.1843057075978431,0.1609384104513374,0.03776988817028361,0.9346764957203585,0,806,3.75,3.8
12742,AMD,Put,160,2025-10-03T00:00:00.000,430,0.43192797622220785,7.1,-1.6500001,-18.857145,0,0.023675550090110808,0,0.15561867573059143,0,0.9930937767028809,1.1049957275390625,1118,7.15,7.2
13222,AMD,Call,185,2026-01-16T00:00:00.000,427,0.4570237119510306,8.86,1.4599996,19.729723,0.35277889158342446,0.008671752905014075,-0.09822612732798629,0.3481584741607908,0.16421205596283697,0.8588919149862754,0,3788,8.65,8.7
12740,AMD,Put,155,2025-10-03T00:00:00.000,416,0.4378866548369883,4.8,-1.1099997,-18.781721,0,0.022279327639373576,0,0.14846158483983876,0,1.0251290598223286,0,891,4.8,4.9
12627,AMD,Put,157.5,2025-09-26T00:00:00.000,414,0.4372651402938866,4.8,-1.75,-26.717556,0,0.02795326948532529,0,0.12682251105307607,0,1.0088571699838789,0,1029,4.9,4.95
12609,AMD,Put,115,2025-09-26T00:00:00.000,413,0.6972887225774305,0.07,-0.030000001,-30,0,0.0010721936980178587,0,0.007757196131537676,0,1.3816956893257473,0,391,0.08,0.09
12868,AMD,Call,250,2025-10-17T00:00:00.000,411,0.5878966717768465,0.09,0.040000003,80.00001,0.009615341630365579,0.000877883359371294,-0.015427708320473963,0.012851917847418036,0.001418133451500602,0.6355800170898438,0,17620,0.08,0.09
12629,AMD,Put,162.5,2025-09-26T00:00:00.000,408,0.4372188314701982,7.5,-2.42,-24.39516,0,0.027819034960400175,0,0.12620012937001593,0,0.9778154109074519,3.6049957275390625,824,7.45,7.55
13447,AMD,Put,75,2026-03-20T00:00:00.000,400,0.5974833359877431,0.67,0,0,0,0.000779728331560176,0,0.06122803677397441,0,2.118600056966146,0,3661,0.54,0.58
12630,AMD,Put,165,2025-09-26T00:00:00.000,387,0.4160840178797676,8.85,-2.3999996,-21.33333,0,0.027636364568270955,0,0.11931109409278041,0,0.9630000258937027,6.1049957275390625,1136,9.15,9.3
13514,AMD,Put,160,2026-04-17T00:00:00.000,377,0.4544008596023524,20.65,-2.8999996,-12.314224,0,0.006972599528720358,0,0.4777690159494674,0,0.9930937767028809,1.1049957275390625,131,20.45,20.65
13550,AMD,Call,175,2026-05-15T00:00:00.000,372,0.4816841122790658,20.47,3.0199986,17.306581,0.5086794461900953,0.00634765889654649,-0.08335863655467805,0.5202817971014551,0.40678710144710434,0.9079714529854911,0,478,19.25,19.35
12619,AMD,Put,145,2025-09-26T00:00:00.000,366,0.4758812599255997,1.3,-0.3900001,-23.07693,0,0.015566802508873108,0,0.076862923521515,0,1.0958276156721445,0,1172,1.27,1.29
13106,AMD,Call,150,2025-12-19T00:00:00.000,366,0.47654021484160647,21,2.5,13.513514,0.6553949853474843,0.00933895242172147,-0.11943646016051956,0.30476180374728673,0.2255002715259414,1.059300028483073,8.895004272460938,6581,20.75,21
13163,AMD,Put,160,2025-12-19T00:00:00.000,364,0.46270282405189705,14.9,-1.1000004,-6.8750024,0,0.010322042543061832,0,0.3270623937969052,0,0.9930937767028809,1.1049957275390625,3775,14.85,14.95
12941,AMD,Call,162.5,2025-10-24T00:00:00.000,359,0.43101015548390803,8.1,1.7500005,27.559063,0.48172419831389834,0.016953856253648147,-0.16863733783284568,0.21734621268546087,0.08063214924978332,0.9778154109074519,0,118,8.05,8.15
13439,AMD,Call,360,2026-03-20T00:00:00.000,355,0.5348383473064713,0.64,0.13,25.490196,0.03056421524598176,0.001126989590517953,-0.016818631561135083,0.07921796200120464,0.02194890989857509,0.44137501186794703,0,1719,0.57,0.61
13018,AMD,Call,190,2025-11-21T00:00:00.000,354,0.484090398601524,4.42,0.78999996,21.763084,0.24379053304948062,0.009241789340537881,-0.1139394674305846,0.21971945046998578,0.06675380666093905,0.836289496170847,0,7310,4.4,4.45
12897,AMD,Put,125,2025-10-17T00:00:00.000,349,0.5034683511533931,0.59,-0.110000014,-15.714289,0,0.004265123230873812,0,0.053472917653866164,0,1.2711600341796876,0,5000,0.58,0.61
13654,AMD,Call,200,2026-06-18T00:00:00.000,349,0.45327289496834067,13.6,1.4500008,11.934163,0.38066457246227225,0.006039131272356803,-0.06959829763387057,0.5301757660373416,0.3596711146020502,0.7944750213623046,0,9572,13.5,13.65
12944,AMD,Call,170,2025-10-24T00:00:00.000,344,0.427193815973312,5.3,1.1000004,25.821608,0.36119171110915094,0.016076023838225335,-0.15523505346056918,0.20426768919702884,0.06136813738723942,0.9346764957203585,0,545,5.3,5.4
12625,AMD,Put,152.5,2025-09-26T00:00:00.000,341,0.4494552020023232,2.94,-0.90999985,-23.63636,0,0.024140374872492404,0,0.11257690425887383,0,1.0419344542456455,0,856,2.95,2.99
12731,AMD,Put,143,2025-10-03T00:00:00.000,334,0.43109693431100016,1.28,-0.77,-37.560978,0,0.013360571810948706,0,0.0876496694262119,0,1.1111538760311954,0,200,1.56,1.59
13057,AMD,Put,140,2025-11-21T00:00:00.000,329,0.4918880477141048,5.25,-0.5500002,-9.482761,0,0.008879676413270154,0,0.2145109073936706,0,1.134964316231864,0,8130,5.25,5.3
12966,AMD,Put,125,2025-10-24T00:00:00.000,326,0.49797260207480065,0.82,-0.100000024,-10.869567,0,0.004649752030893934,0,0.06887019599600491,0,1.2711600341796876,0,6458,0.77,0.81
12770,AMD,Call,160,2025-10-10T00:00:00.000,325,0.43291469024922336,7.45,1.5999999,27.350426,0.5120722132392131,0.020565819996504465,-0.2048141365515393,0.17859692326154064,0.05872755558364783,0.9930937767028809,0,633,7.3,7.45
12686,AMD,Call,177.5,2025-10-03T00:00:00.000,316,0.4730324926551909,1.84,0.76,70.37037,0.19088971256031712,0.014748031798329828,-0.16983504997330776,0.10616352769560741,0.017172911705273686,0.8951831226617517,0,214,1.53,1.57
12772,AMD,Call,165,2025-10-10T00:00:00.000,314,0.42787437701592446,5.3,1.2200003,29.756105,0.4106203631325518,0.0202929377637861,-0.19562418705370516,0.17417540246505173,0.04762795085684608,0.9630000258937027,0,836,5.25,5.35
13061,AMD,Put,160,2025-11-21T00:00:00.000,314,0.48102239657737295,13.35,-1.0999994,-7.6124525,0,0.011763056991465404,0,0.27788907247730643,0,0.9930937767028809,1.1049957275390625,5087,13.25,13.4
12969,AMD,Put,140,2025-10-24T00:00:00.000,312,0.4505588840037232,2.53,-0.4100001,-13.9455805,0,0.010570190710116115,0,0.14165452678074433,0,1.134964316231864,0,539,2.52,2.57
12623,AMD,Put,149,2025-09-26T00:00:00.000,311,0.4638641031530662,2.06,-0.59000015,-22.264156,0,0.020180478140435724,0,0.09712725115894764,0,1.0664094246473887,0,565,2.02,2.04
13269,AMD,Put,145,2026-01-16T00:00:00.000,309,0.4524537179323735,9.3,-1,-9.708737,0,0.008181356344664742,0,0.32518523095934804,0,1.0958276156721445,0,6772,9.5,9.6
14030,AMD,Call,200,2027-01-15T00:00:00.000,307,0.44555072098131904,22.2,1.7800007,8.716948,0.46703952130333926,0.004841977047782943,-0.056406779497606974,0.7327047228500514,0.6996446889275337,0.7944750213623046,0,13159,22.05,22.15
12736,AMD,Put,148,2025-10-03T00:00:00.000,306,0.45306545526702097,2.6,-0.85000014,-24.637686,0,0.017469811648119338,0,0.1204479672431971,0,1.0736148937328442,0,165,2.56,2.6
13414,AMD,Call,155,2026-03-20T00:00:00.000,306,0.4643299995559095,24.4,2.5,11.415525,0.619337386070159,0.007156637389765131,-0.08904274476941622,0.43673397573534983,0.38525553849549077,1.0251290598223286,3.8950042724609375,1991,24.2,24.35
12691,AMD,Call,190,2025-10-03T00:00:00.000,303,0.5001598152478989,0.72,0.33000004,84.615395,0.08457834145177551,0.00794567367421564,-0.10159113841188704,0.060476942003434855,0.00766629233916234,0.836289496170847,0,486,0.55,0.58
13240,AMD,Call,350,2026-01-16T00:00:00.000,302,0.5467535464368388,0.2,0.040000007,25.000004,0.012411654656446355,0.0006275701749540097,-0.009679294114747154,0.03014291486630215,0.00616611067938008,0.45398572649274554,0,3525,0.18,0.21
12375,AMD,Put,144,2025-09-12T00:00:00.000,301,0.9776356664944457,0.08,-0.08,-50,0,0.007311455630509501,0,0.004944342050521586,0,1.1034375296698675,0,1294,0.07,0.08
13063,AMD,Put,170,2025-11-21T00:00:00.000,291,0.4316576366488129,17.92,-2.9799995,-14.25837,0,0.012876085648672295,0,0.27296643999501163,0,0.9346764957203585,11.104995727539062,3543,19.1,19.25
12567,AMD,Call,182.5,2025-09-26T00:00:00.000,288,0.48234873025914166,0.61,0.24000001,64.86486,0.0883835962749398,0.010311777440286055,-0.12231608772145892,0.051607586753011886,0.005520703523721375,0.8706575576573202,0,730,0.55,0.57
13107,AMD,Call,155,2025-12-19T00:00:00.000,285,0.47249176825875294,18.23,2.1599998,13.441195,0.6056444135807293,0.009843279567202495,-0.12246406160501867,0.3184907934997135,0.21157214511415634,1.0251290598223286,3.8950042724609375,2488,18,18.15
13056,AMD,Put,135,2025-11-21T00:00:00.000,283,0.4914223855414728,3.87,-0.6300001,-14.000003,0,0.007752868886838331,0,0.1871127344413137,0,1.1770000316478588,0,6290,4,4.1
12501,AMD,Put,167.5,2025-09-19T00:00:00.000,275,0.46200870679016065,9.9,-2.63,-20.989626,0,0.028243188497367937,0,0.07220736438503068,0,0.9486268911788712,8.604995727539062,1587,9.95,10.1
12693,AMD,Call,195,2025-10-03T00:00:00.000,273,0.5159533011246504,0.52,0.24999997,92.592575,0.06250531135258978,0.0061107096418718705,-0.08298357162716566,0.04797912749478985,0.005672854731979931,0.81484617575621,0,308,0.38,0.41
13939,AMD,Call,390,2026-12-18T00:00:00.000,270,0.4861562763994212,3.4,0.52,18.055555,0.10143272967544736,0.002038208616698104,-0.026150432521179746,0.31734608347657484,0.16131622764420075,0.407423087878105,0,7074,3.1,3.2
12388,AMD,Put,167.5,2025-09-12T00:00:00.000,269,0.7472131288703879,8.85,-3.0499992,-25.630247,0,0.02664617915805448,0,0.013772318548017588,0,0.9486268911788712,8.604995727539062,983,8.8,9
13415,AMD,Call,160,2026-03-20T00:00:00.000,267,0.464208276464006,22.1,2.1900005,10.999501,0.5827518375281514,0.007334608828085276,-0.09036573507770569,0.4474773512443891,0.3669673311130359,0.9930937767028809,0,1924,21.85,22
13230,AMD,Call,250,2026-01-16T00:00:00.000,263,0.4822892327551707,1.48,0.25,20.325203,0.08046725612560801,0.0033033198166772526,-0.04028526931233838,0.13995535865310502,0.03933814563686865,0.6355800170898438,0,7521,1.45,1.48
13059,AMD,Put,150,2025-11-21T00:00:00.000,262,0.4853261645552467,8.69,-0.8100004,-8.52632,0,0.0107729003300446,0,0.25677475139893546,0,1.059300028483073,0,4878,8.6,8.7
12389,AMD,Put,170,2025-09-12T00:00:00.000,256,0.7509619203476393,11.2,-3.33,-22.9181,0,0.01515573033369288,0,0.007872676504757124,0,0.9346764957203585,11.104995727539062,1426,11.15,11.4
12733,AMD,Put,145,2025-10-03T00:00:00.000,253,0.4333316927926026,1.67,-0.71000016,-29.831938,0,0.015228726726702042,0,0.10042326779612147,0,1.0958276156721445,0,1025,1.9,1.94
12576,AMD,Call,210,2025-09-26T00:00:00.000,252,0.5841121987935579,0.07,0.030000001,75,0.011246331642018296,0.001569136259155082,-0.02709157326040861,0.00950989703926366,0.0007056106497156205,0.7566428774879093,0,995,0.06,0.07
13938,AMD,Call,380,2026-12-18T00:00:00.000,251,0.4787991206012359,3.5,0.6199999,21.527773,0.10507038913607003,0.0021231573905829914,-0.026477003215659982,0.3255698252884631,0.16737969994266147,0.4181447480854235,0,1024,3.4,3.5
13022,AMD,Call,220,2025-11-21T00:00:00.000,250,0.5075515347635999,1.46,0.34000003,30.357145,0.09562747508546077,0.004774918504099559,-0.06379933661803272,0.11902332524597188,0.026716868285509423,0.722250019420277,0,3952,1.42,1.45
13010,AMD,Call,150,2025-11-21T00:00:00.000,250,0.48853439098957707,18.83,2.1900005,13.161062,0.6595411815589102,0.010707879919762646,-0.1416674223433437,0.2569121268196958,0.16722503340214673,1.059300028483073,8.895004272460938,4329,18.75,18.9
12937,AMD,Call,152.5,2025-10-24T00:00:00.000,250,0.4728982174288811,14,2.75,24.444445,0.6417995842747896,0.01448064790619199,-0.17618820512081665,0.20368157661107314,0.10364619590335541,1.0419344542456455,6.3950042724609375,356,13.1,13.25
13549,AMD,Call,170,2026-05-15T00:00:00.000,248,0.4878409886108717,22.58,3.58,18.842106,0.5393851289140161,0.006238455832206042,-0.08439436313921678,0.5178668605741781,0.4254492652430259,0.9346764957203585,0,509,21.1,21.25
13058,AMD,Put,145,2025-11-21T00:00:00.000,248,0.48740780708113757,6.8,-0.6499996,-8.724828,0,0.00993183760561445,0,0.23774317668166137,0,1.0958276156721445,0,3670,6.8,6.85
13822,AMD,Call,240,2026-09-18T00:00:00.000,247,0.4533929554818292,10.15,1.8499994,22.289148,0.279929223033258,0.004627867844586361,-0.053105416410062896,0.5399160999870758,0.3498772628336029,0.6620625178019206,0,495,10.05,10.2
12569,AMD,Call,187.5,2025-09-26T00:00:00.000,247,0.49186858759223934,0.36,0.13000001,56.521744,0.05549174949975963,0.007070704329262416,-0.08703651479287042,0.03608532703446433,0.0034756281262399895,0.8474400227864584,0,667,0.35,0.37
13423,AMD,Call,200,2026-03-20T00:00:00.000,246,0.4620699208016633,9.41,1.2600002,15.460126,0.3224063798451693,0.0067720063594521865,-0.07906860242357022,0.4112503476899234,0.21768671204284104,0.7944750213623046,0,7764,9.1,9.25
13272,AMD,Put,160,2026-01-16T00:00:00.000,243,0.4548444650410007,16.35,-1.2999992,-7.365435,0,0.009238661543940322,0,0.36915037493017117,0,0.9930937767028809,1.1049957275390625,5658,16.2,16.3
12951,AMD,Call,190,2025-10-24T00:00:00.000,240,0.4469684055654913,1.7,0.45000005,36.000004,0.14504506277367002,0.009351975279830472,-0.09698217464411087,0.12433009142032839,0.025148444996499503,0.836289496170847,0,268,1.64,1.69
13518,AMD,Put,180,2026-04-17T00:00:00.000,240,0.45700178540324543,32.82,-1.6800003,-4.869566,0,0.007066851667272613,0,0.48699890816638053,0,0.8827500237358941,21.104995727539062,138,32.75,32.95
12773,AMD,Call,167.5,2025-10-10T00:00:00.000,239,0.4368256740529155,4.6,1.25,37.313435,0.36656945315084644,0.019239596098372374,-0.19242392016147003,0.16858919065572184,0.042622892874305894,0.9486268911788712,0,789,4.4,4.5
13115,AMD,Call,195,2025-12-19T00:00:00.000,238,0.4658290469886087,5.09,0.84000015,19.76471,0.24889517180707044,0.008224161701573177,-0.0948689796703463,0.2623499722429675,0.09346196546247278,0.81484617575621,0,2022,5,5.1
12776,AMD,Call,175,2025-10-10T00:00:00.000,234,0.4362706995712779,2.64,0.73000014,38.219902,0.2426694814150231,0.01600569721948858,-0.15830919106479532,0.14007359106765616,0.028538358364406668,0.9079714529854911,0,321,2.59,2.63
12970,AMD,Put,145,2025-10-24T00:00:00.000,233,0.45037620043155385,3.8,-0.6099999,-13.832197,0,0.012714801797061758,0,0.1703260616039123,0,1.0958276156721445,0,177,3.6,3.75
12611,AMD,Put,125,2025-09-26T00:00:00.000,230,0.5930657319994301,0.14,-0.060000002,-30,0,0.0024539105047091682,0,0.01510012112982722,0,1.2711600341796876,0,532,0.16,0.17
13764,AMD,Put,120,2026-08-21T00:00:00.000,228,0.4790459576082019,9.1,0,0,0,0.0035447157977347224,0,0.4040588883658866,0,1.3241250356038412,0,464,8.75,8.9
13216,AMD,Call,155,2026-01-16T00:00:00.000,226,0.4624873558046358,20.1,2.2000008,12.290507,0.6096454924380723,0.008853495629010713,-0.10705031444765105,0.3597045932381661,0.26711622293028836,1.0251290598223286,3.8950042724609375,4405,19.8,20
12675,AMD,Call,150,2025-10-03T00:00:00.000,226,0.4575584227520491,12.5,2.3400002,23.031498,0.7225588494271845,0.018775066960586725,-0.21314838020167068,0.13073093016413082,0.06166689896631268,1.059300028483073,8.895004272460938,357,12.25,12.45
12621,AMD,Put,147,2025-09-26T00:00:00.000,225,0.467042390435583,1.62,-0.68999994,-29.870127,0,0.017900994664284287,0,0.08674657651635424,0,1.080918396411299,0,291,1.57,1.59
12967,AMD,Put,130,2025-10-24T00:00:00.000,223,0.4663423820652438,1.08,-0.27999997,-20.588232,0,0.006192378101202043,0,0.08589313020305728,0,1.2222692636343149,0,320,1.15,1.2
12816,AMD,Put,155,2025-10-10T00:00:00.000,223,0.43350697088864315,5.64,-1.0300002,-15.442282,0,0.01969981706219962,0,0.17131046664776617,0,1.0251290598223286,0,958,5.5,5.6
13227,AMD,Call,220,2026-01-16T00:00:00.000,222,0.4634208591091311,3.2,0.52,19.402985,0.15799542787429238,0.005555639624993182,-0.06324582151836382,0.2261731191023818,0.07621629840448223,0.722250019420277,0,8015,3.15,3.25
14142,AMD,Call,300,2027-06-17T00:00:00.000,221,0.45698590451729076,11.8,1.75,17.412935,0.2652585178848802,0.0033976180362969262,-0.04036149507197785,0.6916571122014965,0.5354595930468581,0.5296500142415365,0,519,11.25,11.4
12678,AMD,Call,157.5,2025-10-03T00:00:00.000,220,0.4348017928838995,7.65,1.6500001,27.500002,0.5629951201583763,0.023226497520098626,-0.23295164544850505,0.15368283137754085,0.04930839628779937,1.0088571699838789,1.3950042724609375,310,7.6,7.65
12677,AMD,Call,155,2025-10-03T00:00:00.000,219,0.4433908507202666,9.15,1.9499998,27.083332,0.6196533536898964,0.022019371412688817,-0.2310306035694439,0.1485737026561906,0.053830577813808726,1.0251290598223286,3.8950042724609375,550,9.1,9.25
14233,AMD,Call,200,2027-12-17T00:00:00.000,219,0.4425695703998955,33.61,2.0100002,6.36076,0.5492501830698753,0.0037401207315723457,-0.04521563921285204,0.9468916844544821,1.215873756806568,0.7944750213623046,0,5642,33.5,33.75
13445,AMD,Put,65,2026-03-20T00:00:00.000,218,0.627846207339805,0.36,0,0,0,0.00044523473374737544,0,0.03673867886854978,0,2.4445385272686297,0,1699,0.31,0.34
13224,AMD,Call,195,2026-01-16T00:00:00.000,215,0.45830387989788834,6.65,1.2000003,22.018354,0.28408404692351297,0.007891391027603651,-0.08914242178887974,0.31771552736236885,0.1339224946001506,0.81484617575621,0,4981,6.45,6.5
12808,AMD,Put,144,2025-10-10T00:00:00.000,215,0.4421732948418177,2.2,-0.68000007,-23.611113,0,0.013706559296261413,0,0.12157564390845357,0,1.1034375296698675,0,621,2.28,2.32
13158,AMD,Put,135,2025-12-19T00:00:00.000,213,0.4684295156494972,4.95,-0.75,-13.157895,0,0.007265672169688866,0,0.2330681165801404,0,1.1770000316478588,0,9655,5.15,5.25
12574,AMD,Call,200,2025-09-26T00:00:00.000,207,0.5455907507594412,0.14,0.049999997,55.55555,0.022214762309790484,0.0030110871919765197,-0.0454381628739301,0.01704547905695041,0.0013930745556681632,0.7944750213623046,0,1690,0.12,0.13
12851,AMD,Call,140,2025-10-17T00:00:00.000,206,0.5113789471197778,22.25,3.25,17.105263,0.8141151285426771,0.010491195563310051,-0.15443743741123706,0.1335973826015337,0.1056415826249396,1.134964316231864,18.895004272460938,6175,21.45,21.65
14223,AMD,Call,150,2027-12-17T00:00:00.000,204,0.4619746856598944,52.05,3.5999985,7.4303374,0.7125558719250564,0.003085083636342884,-0.042693007748613176,0.8153015199528624,1.3859969039888884,1.059300028483073,8.895004272460938,2361,50.75,51
13226,AMD,Call,210,2026-01-16T00:00:00.000,203,0.4763581687411235,4.7,1.1599998,32.768356,0.21115741305432062,0.006475858595767565,-0.07819266400464434,0.27099564813036403,0.10038865677472229,0.7566428774879093,0,6971,4.2,4.25
12616,AMD,Put,142,2025-09-26T00:00:00.000,202,0.4902599009610405,0.93,-0.31,-25,0,0.012335748566828805,0,0.06274957122483275,0,1.1189789033271897,0,802,0.9,0.92
13162,AMD,Put,155,2025-12-19T00:00:00.000,202,0.46582122391379777,12.45,-0.9000006,-6.7415776,0,0.009983328409549219,0,0.3184618737935364,0,1.0251290598223286,0,1888,12.35,12.5
13548,AMD,Call,165,2026-05-15T00:00:00.000,201,0.49104202927293483,24.67,4.7700005,23.969852,0.5694261536385608,0.0061336145803819915,-0.08453316775661916,0.5125047290822183,0.44353443546168564,0.9630000258937027,0,922,23.1,23.25
12946,AMD,Call,175,2025-10-24T00:00:00.000,201,0.4338364244145185,4.06,1.01,33.114754,0.293825800179346,0.01455589541378312,-0.14400632248751508,0.1878282947632003,0.050218641816954165,0.9079714529854911,0,148,3.95,4.05
12938,AMD,Call,155,2025-10-24T00:00:00.000,201,0.4953960868335946,13.08,3.1800003,32.121216,0.602063624005018,0.014279980187947945,-0.1886675527519035,0.2104147855420733,0.09729180248406955,1.0251290598223286,3.8950042724609375,402,11.7,11.8
13451,AMD,Put,95,2026-03-20T00:00:00.000,201,0.5177538096898485,1.53,-0.23000002,-13.068183,0,0.0018110792631201094,0,0.12323724574551888,0,1.672578992341694,0,5932,1.6,1.64
12622,AMD,Put,148,2025-09-26T00:00:00.000,200,0.4611087873621744,1.79,-0.61000013,-25.416672,0,0.019124273237404177,0,0.09149707682579136,0,1.0736148937328442,0,389,1.79,1.82
12888,AMD,Put,80,2025-10-17T00:00:00.000,200,0.8761293951045104,0.06,0,0,0,0.0002754620513177804,0,0.006009801825088078,0,1.9861875534057618,0,6381,0.05,0.06
13008,AMD,Call,140,2025-11-21T00:00:00.000,195,0.5104055203013107,25.63,2.6299992,11.434778,0.7609968853478457,0.008671374223329809,-0.12828925705473293,0.21736482320452197,0.18535591336317683,1.134964316231864,18.895004272460938,2351,25.25,25.4
12631,AMD,Put,167.5,2025-09-26T00:00:00.000,192,0.44971031870033273,11,-2.4799995,-18.397623,0,0.024121245009447765,0,0.11255154301443987,0,0.9486268911788712,8.604995727539062,337,10.95,11.1
13425,AMD,Call,220,2026-03-20T00:00:00.000,191,0.46376658474638077,6.05,0.9500003,18.627457,0.22876582045074723,0.005694042562764925,-0.0661587770502214,0.34705746110654934,0.15772470529873306,0.722250019420277,0,1591,5.9,6.05
12575,AMD,Call,205,2025-09-26T00:00:00.000,188,0.5741202843201723,0.11,0.05,83.333336,0.01714462584361886,0.0022963058103450747,-0.03833120852037631,0.013678910140622638,0.0010743268753444792,0.7750975818168826,0,1147,0.08,0.1
12612,AMD,Put,130,2025-09-26T00:00:00.000,188,0.5455124955230687,0.21,-0.11,-34.375,0,0.0038409524034094073,0,0.021740148641151622,0,1.2222692636343149,0,1380,0.24,0.26
12428,AMD,Call,130,2025-09-19T00:00:00.000,188,0.63867548828125,29,3.5,13.725491,0.9853433777954609,0.0024709402135402493,-0.0707252759485209,0.00873293232551204,0.02794013845870823,1.2222692636343149,28.895004272460938,6126,28.9,29.1
12431,AMD,Call,145,2025-09-19T00:00:00.000,186,0.5319792498747511,14.73,2.8799992,24.30379,0.8873254711486297,0.015286383625202677,-0.23675408486090913,0.04500047061992177,0.027673771951610946,1.0958276156721445,13.895004272460938,15854,14.5,14.75
13155,AMD,Put,120,2025-12-19T00:00:00.000,186,0.4915581108321772,2.22,-0.3399999,-13.281247,0,0.00439481402321262,0,0.1479374689955963,0,1.3241250356038412,0,8499,2.35,2.37
12430,AMD,Call,140,2025-09-19T00:00:00.000,186,0.7718755309112821,20.15,3.6999989,22.492393,0.879539338524175,0.011046741754439133,-0.3486846375826816,0.047184470263193584,0.026214664537555343,1.134964316231864,18.895004272460938,9398,19.2,19.4
13060,AMD,Put,155,2025-11-21T00:00:00.000,186,0.4826970294411567,10.86,-0.94000053,-7.966106,0,0.011402801006859836,0,0.2703162424346645,0,1.0251290598223286,0,6207,10.8,10.9
12805,AMD,Put,135,2025-10-10T00:00:00.000,184,0.4506116103587345,0.83,-0.52000004,-38.51852,0,0.00771668193200688,0,0.06975231030771525,0,1.1770000316478588,0,590,1,1.03
13121,AMD,Call,250,2025-12-19T00:00:00.000,182,0.5009555380442912,0.95,0.17000002,21.794874,0.05877835339051845,0.00282755500567133,-0.03687838755178607,0.09700029620490175,0.022755317386256177,0.6355800170898438,0,4388,0.95,0.97
12746,AMD,Put,170,2025-10-03T00:00:00.000,179,0.427270242826292,13.5,-4.25,-23.943663,0,0.020362652771342426,0,0.13239979282286873,0,0.9346764957203585,11.104995727539062,299,13.65,13.85
13417,AMD,Call,170,2026-03-20T00:00:00.000,178,0.45688764897980116,17.71,1.9599991,12.444439,0.5091949861242147,0.0076145573364267026,-0.08965724782893894,0.4572306147096464,0.3289786987448583,0.9346764957203585,0,1494,17.65,17.8
12663,AMD,Call,130,2025-10-03T00:00:00.000,177,0.4801100967115648,29.5,4.200001,16.600794,0.9626401558695795,0.004352086948687205,-0.0698504538216518,0.03179718729839876,0.0744134700535415,1.2222692636343149,28.895004272460938,504,29.5,30
13461,AMD,Put,145,2026-03-20T00:00:00.000,177,0.4457931132205806,11.93,-1.5199995,-11.301112,0,0.00685394555451159,0,0.40156442180360763,0,1.0958276156721445,0,1336,12.55,12.65
13552,AMD,Call,185,2026-05-15T00:00:00.000,175,0.4692307940477212,16.63,2.1799994,15.086501,0.44738170832465524,0.006460893713490206,-0.07990552166911923,0.5158718511461577,0.3670233627423034,0.8588919149862754,0,207,16.1,16.2
12806,AMD,Put,140,2025-10-10T00:00:00.000,174,0.45665615373709634,1.57,-0.38,-19.487179,0,0.010973296377833553,0,0.1005198988994494,0,1.134964316231864,0,418,1.59,1.62
13659,AMD,Call,250,2026-06-18T00:00:00.000,173,0.46074019914738246,5.95,0.5999999,11.214952,0.19897493893654744,0.004352680077874173,-0.05036097456477845,0.38841724746080486,0.19689081250087398,0.6355800170898438,0,4558,5.95,6.05
13644,AMD,Call,150,2026-06-18T00:00:00.000,172,0.46329467258981305,31.75,2.33,7.9197826,0.6629322315495492,0.00566392809170839,-0.07258111705078206,0.5082304599307609,0.5645000968229301,1.059300028483073,8.895004272460938,6978,31.5,31.7
12741,AMD,Put,157.5,2025-10-03T00:00:00.000,172,0.4363811856529342,5.9,-1.4499998,-19.72789,0,0.023143119226690944,0,0.15368738214828453,0,1.0088571699838789,0,205,5.9,5.95
12426,AMD,Call,120,2025-09-19T00:00:00.000,171,0.8826124236133899,39.1,3.0999985,8.611107,0.9868121893169061,0.0016324106829068395,-0.08238540081364991,0.007972913880346322,0.025797156610986586,1.3241250356038412,38.89500427246094,11301,38.85,39.05
13660,AMD,Call,260,2026-06-18T00:00:00.000,169,0.46888799932654224,5.3,0.75,16.483517,0.17904049861817062,0.004007678816795305,-0.047813245559382406,0.36395499118088526,0.17757861430152797,0.6111346318171574,0,5140,5.1,5.2
12978,AMD,Put,160,2025-10-24T00:00:00.000,168,0.4306882496993134,9.55,-1.5999994,-14.349771,0,0.01695490739980438,0,0.2171973502079439,0,0.9930937767028809,1.1049957275390625,534,9.45,9.6
12950,AMD,Call,185,2025-10-24T00:00:00.000,168,0.4401187340274108,2.25,0.6,36.36364,0.1840014513413601,0.011083239010270632,-0.11183015589264321,0.14508837985302792,0.03179279972800138,0.8588919149862754,0,155,2.22,2.25
12676,AMD,Call,152.5,2025-10-03T00:00:00.000,166,0.5269461254605976,11.85,3.25,37.790695,0.6557362230621432,0.017909217539202268,-0.26377214411825717,0.14361279340868527,0.05565892107483468,1.0419344542456455,6.3950042724609375,1042,10.6,10.7
12906,AMD,Put,170,2025-10-17T00:00:00.000,165,0.4029334749674981,14.52,-2.789999,-16.117846,0,0.018015091717842366,0,0.18075900794643152,0,0.9346764957203585,11.104995727539062,4311,15.05,15.2
12447,AMD,Call,187.5,2025-09-19T00:00:00.000,164,0.5760493642872908,0.15,0.060000002,66.666664,0.029505710946866152,0.004952470729980571,-0.0830452777793283,0.015786986140945564,0.000994698096868887,0.8474400227864584,0,1409,0.12,0.13
13327,AMD,Call,180,2026-02-20T00:00:00.000,164,0.4620386766570217,12.78,1.6599998,14.928057,0.42325484697572846,0.008005228643367793,-0.09425570382814931,0.4144715336192278,0.24177093360013163,0.8827500237358941,0,3212,12.7,12.8
12948,AMD,Call,180,2025-10-24T00:00:00.000,164,0.4347984170564733,3,0.74,32.743362,0.23285431454444439,0.012893516582603796,-0.12750279468877104,0.16674599616416202,0.04005407271477312,0.8827500237358941,0,227,3,3.05
12814,AMD,Put,150,2025-10-10T00:00:00.000,162,0.4245434359859139,3.6,-0.9200001,-20.353985,0,0.01785740923996737,0,0.15207793313339507,0,1.059300028483073,0,775,3.8,3.85
12429,AMD,Call,135,2025-09-19T00:00:00.000,161,1.1632067496658922,26.31,5.5,26.429602,0.8502577847287203,0.008511142035447885,-0.5941566718283742,0.054785087586166806,0.023844759306775494,1.1770000316478588,23.895004272460938,10091,24.05,24.25
13164,AMD,Put,165,2025-12-19T00:00:00.000,161,0.43987792330528935,16.95,-2,-10.55409,0,0.010959606044993088,0,0.33013375028777403,0,0.9630000258937027,6.1049957275390625,1850,17.65,17.8
13054,AMD,Put,125,2025-11-21T00:00:00.000,161,0.5105628194941652,2.16,-0.29999995,-12.19512,0,0.005345064042481952,0,0.13402569519170943,0,1.2711600341796876,0,6408,2.21,2.25
12743,AMD,Put,162.5,2025-10-03T00:00:00.000,159,0.437495899264349,8.6,-2,-18.867924,0,0.023170534342743593,0,0.15426249041949508,0,0.9778154109074519,3.6049957275390625,416,8.55,8.65
12313,AMD,Call,149,2025-09-12T00:00:00.000,154,0.7851332431759384,10.07,2.7699995,37.945194,0.9438328706719508,0.017320453223716455,-0.5570612457962724,0.009406547214541788,0.003832885699120786,1.0664094246473887,9.895004272460938,658,10.05,10.4
13052,AMD,Put,115,2025-11-21T00:00:00.000,154,0.5244173988682944,1.06,-0.2800001,-20.895529,0,0.0032799550042838825,0,0.08447553448797822,0,1.3816956893257473,0,4421,1.17,1.2
12610,AMD,Put,120,2025-09-26T00:00:00.000,154,0.6462614951258665,0.1,-0.04,-28.571428,0,0.001626753500762439,0,0.010908095001001586,0,1.3241250356038412,0,497,0.11,0.12
12506,AMD,Put,180,2025-09-19T00:00:00.000,153,0.5851622780401368,21.45,-3,-12.269938,0,0.011089079813184029,0,0.03590785310142686,0,0.8827500237358941,21.104995727539062,5222,21.35,21.5
12819,AMD,Put,162.5,2025-10-10T00:00:00.000,153,0.37675345528655607,8.45,-2.9800005,-26.071745,0,0.023448741334658883,0,0.1772157835984435,0,0.9778154109074519,3.6049957275390625,179,9.4,9.5
13323,AMD,Call,160,2026-02-20T00:00:00.000,151,0.4825857147900048,21.05,2.9799995,16.491419,0.5770749831800206,0.007663137732318002,-0.1006150300079847,0.4144038003502456,0.31354470604665735,0.9930937767028809,0,1274,20.2,20.3
13256,AMD,Put,80,2026-01-16T00:00:00.000,150,0.588011044168029,0.31,-0.030000001,-8.823529,0,0.0006551104620579123,0,0.03384007842417408,0,1.9861875534057618,0,15023,0.32,0.35
13411,AMD,Call,140,2026-03-20T00:00:00.000,149,0.5143427017372018,34.35,4.3099976,14.347528,0.7199906554759932,0.005708973991695504,-0.08836451993466256,0.3859151861439231,0.416713821173098,1.134964316231864,18.895004272460938,1578,32.6,32.8
12974,AMD,Put,150,2025-10-24T00:00:00.000,149,0.4373016258786432,5.2,-0.97000027,-15.721236,0,0.014833372657878353,0,0.19293769102518157,0,1.059300028483073,0,284,5.1,5.25
12894,AMD,Put,110,2025-10-17T00:00:00.000,149,0.5788836416074754,0.18,-0.059999987,-24.999994,0,0.0014123500276575819,0,0.02035934221346721,0,1.444500038840554,0,6597,0.2,0.22
12488,AMD,Put,120,2025-09-19T00:00:00.000,148,0.823958132436745,0.06,-0.030000005,-37.500004,0,0.00124190472310001,0,0.005662536727581897,0,1.3241250356038412,0,15330,0.05,0.06
12449,AMD,Call,192.5,2025-09-19T00:00:00.000,147,0.6118340303457952,0.1,0.05,100,0.01955266614181718,0.003300098472687119,-0.06236208951979972,0.011173214506846885,0.0006590292537297627,0.8254285936231737,0,386,0.07,0.08
13213,AMD,Call,140,2026-01-16T00:00:00.000,147,0.47670071666197145,29.03,2.83,10.801526,0.7390188999428158,0.007273862639420108,-0.09683428754172706,0.30460865772549384,0.30757107480844037,1.134964316231864,18.895004272460938,16517,28.7,28.85
12312,AMD,Call,148,2025-09-12T00:00:00.000,146,1.8908646675038376,13.01,4.71,56.746986,0.7788402171765125,0.018884827516352336,-3.3999698171032873,0.024700235324116707,0.0030340772502966133,1.0736148937328442,10.895004272460938,474,10.7,11.1
13322,AMD,Call,155,2026-02-20T00:00:00.000,145,0.46519995302403705,22.65,2.0499992,9.951452,0.6149806739042658,0.007762347655917516,-0.09606705075195766,0.4046461271267072,0.3331756658305446,1.0251290598223286,3.8950042724609375,1217,22.65,22.8
13743,AMD,Call,165,2026-08-21T00:00:00.000,144,0.45876010831421343,28,2.3999996,9.374999,0.5881063529564075,0.00549938569566089,-0.06836806604995986,0.6003242548155064,0.616817083402477,0.9630000258937027,0,510,27.6,27.8
13970,AMD,Put,175,2026-12-18T00:00:00.000,144,0.45873059089779333,37,-2.9500008,-7.3842316,0,0.0047901199278362425,0,0.7037407537217005,0,0.9079714529854911,16.104995727539062,705,37.2,37.35
12777,AMD,Call,177.5,2025-10-10T00:00:00.000,143,0.45190586672185495,2.37,0.79999983,50.955402,0.21751100045436694,0.014533642325956888,-0.153792426404925,0.1317492243007175,0.025576737782153768,0.8951831226617517,0,311,2.16,2.2
12782,AMD,Call,190,2025-10-10T00:00:00.000,142,0.48803331924147714,1.14,0.51,80.952385,0.11357356217787418,0.008801542660144464,-0.1076976545090546,0.0861655949693723,0.013432380213075768,0.836289496170847,0,197,0.87,0.9
13105,AMD,Call,145,2025-12-19T00:00:00.000,142,0.5147074688121477,25,3.4300003,15.901717,0.6970316087998172,0.008199320407943305,-0.12242687481023083,0.289002196983362,0.23259532069508052,1.0958276156721445,13.895004272460938,2326,23.7,23.9
13934,AMD,Call,340,2026-12-18T00:00:00.000,142,0.47225673424587455,4.97,0.6699996,15.581386,0.1425697484171637,0.0026662577739152214,-0.03259540805821869,0.4032634923289612,0.22431551843647404,0.46733824786017925,0,1524,4.7,4.8
13428,AMD,Call,250,2026-03-20T00:00:00.000,142,0.47486422711053644,3.3,0.49,17.437723,0.137689560993761,0.004042482385433707,-0.04861323792129187,0.2522892890324875,0.09670835185346892,0.6355800170898438,0,2117,3.2,3.3
12450,AMD,Call,195,2025-09-19T00:00:00.000,138,0.6026686852811721,0.06,0.03,100,0.012531226791275359,0.002287377168391666,-0.04192489365742673,0.007628409819179141,0.00042326560757016435,0.81484617575621,0,10202,0.06,0.07
12769,AMD,Call,157.5,2025-10-10T00:00:00.000,138,0.44261718105235676,8.84,1.9100003,27.561333,0.5629820836180761,0.019872907124869006,-0.207828942605429,0.17644741095987151,0.06405030621568718,1.0088571699838789,1.3950042724609375,170,8.55,8.7
13413,AMD,Call,150,2026-03-20T00:00:00.000,137,0.47422347252126235,27.3,2.6499996,10.750506,0.6555333642944944,0.006773141873672409,-0.0885039634964805,0.4221379934946631,0.40009823498245844,1.059300028483073,8.895004272460938,5285,26.85,27
12968,AMD,Put,135,2025-10-24T00:00:00.000,135,0.4490931999801039,1.58,-0.45999992,-22.549017,0,0.008264353991107547,0,0.11039298267702805,0,1.1770000316478588,0,265,1.7,1.76
12809,AMD,Put,145,2025-10-10T00:00:00.000,133,0.44346896560074656,2.45,-0.56999993,-18.87417,0,0.014350801836794798,0,0.1276629923590348,0,1.0958276156721445,0,558,2.49,2.53
13638,AMD,Call,120,2026-06-18T00:00:00.000,132,0.4801761497129409,50.05,2.7799988,5.881106,0.8291476828532107,0.0037989189423295335,-0.05684628191161737,0.35330213747471073,0.6267199696068321,1.3241250356038412,38.89500427246094,4157,50.1,50.3
13640,AMD,Call,130,2026-06-18T00:00:00.000,131,0.5200415554995403,45.25,4.6500015,11.453206,0.7690621351401051,0.004205111880528109,-0.06918396318511175,0.4235466553961737,0.590302376703698,1.2222692636343149,28.895004272460938,4092,43.2,43.45
13690,AMD,Put,105,2026-06-18T00:00:00.000,131,0.5026026718881043,4.5,0,0,0,0.0026738036986407405,0,0.2602795011175416,0,1.5132857549758185,0,3388,4.15,4.25
13118,AMD,Call,220,2025-12-19T00:00:00.000,131,0.4840495240477527,2.37,0.5099999,27.419348,0.1310065667175206,0.005309435049818374,-0.06524660657674788,0.1759952416599011,0.05003240024251468,0.722250019420277,0,6710,2.27,2.29
13055,AMD,Put,130,2025-11-21T00:00:00.000,130,0.4978587311462336,2.87,-0.48000002,-14.328359,0,0.006524543024170909,0,0.15952993840823726,0,1.2222692636343149,0,6473,2.99,3.05
14032,AMD,Call,220,2027-01-15T00:00:00.000,129,0.4460040908931041,17.6,1.71,10.761485,0.3949834238143814,0.004684479183028229,-0.05384819146615903,0.7095929128642442,0.6075068047106262,0.722250019420277,0,3490,17.35,17.55
13258,AMD,Put,90,2026-01-16T00:00:00.000,128,0.5533470991605225,0.57,-0.050000012,-8.064518,0,0.0011550020777795632,0,0.05614508524957279,0,1.7655000474717881,0,14222,0.57,0.6
13019,AMD,Call,195,2025-11-21T00:00:00.000,128,0.4868753257257717,3.65,0.6600001,22.073582,0.20898966321728124,0.008422731792210569,-0.10470971885477989,0.20139872062408715,0.05749524256209633,0.81484617575621,0,2403,3.6,3.7
12866,AMD,Call,230,2025-10-17T00:00:00.000,127,0.5409441827973648,0.18,0.06000001,46.153854,0.01928243890294493,0.0017388695290766903,-0.02594729093511511,0.023423380557728465,0.0028443779623892724,0.6908478446628736,0,2998,0.16,0.18
12302,AMD,Call,130,2025-09-12T00:00:00.000,124,1.0625046875000002,28.9,3,11.583012,0.9998630144057425,0.000060184799258289176,-0.02403275667401039,0.00004423288768280804,0.0035606490137951056,1.2222692636343149,28.895004272460938,320,28.85,29
13168,AMD,Put,185,2025-12-19T00:00:00.000,122,0.5437851658155373,33.63,0,0,0,0.008317538191149582,0,0.3097312148271419,0,0.8588919149862754,26.104995727539062,437,31.3,31.55
12632,AMD,Put,170,2025-09-26T00:00:00.000,122,0.368751382634657,12.1,-3.6499996,-23.1746,0,0.023516015177301976,0,0.08997384283018665,0,0.9346764957203585,11.104995727539062,514,12.85,13
12802,AMD,Put,120,2025-10-10T00:00:00.000,119,0.5530416045607689,0.29,-0.08000001,-21.621624,0,0.0026524359233411642,0,0.029425803096004052,0,1.3241250356038412,0,121,0.29,0.31
14219,AMD,Call,130,2027-12-17T00:00:00.000,118,0.455142625818474,60.45,2.9500008,5.130436,0.7786972367323346,0.0027291899312809915,-0.038366280903451566,0.7105823275686199,1.4337937075748979,1.2222692636343149,28.895004272460938,832,60.25,60.55
13024,AMD,Call,240,2025-11-21T00:00:00.000,117,0.5355837386237194,0.81,0.20999998,34.999996,0.05537972340841629,0.002979942592753054,-0.044088770933360805,0.07838288611386884,0.01554133858955476,0.6620625178019206,0,1486,0.73,0.76
12739,AMD,Put,152.5,2025-10-03T00:00:00.000,116,0.4433824519644776,3.9,-1.02,-20.731707,0,0.020806930559624633,0,0.14039020911636868,0,1.0419344542456455,0,1569,3.85,3.9
12767,AMD,Call,152.5,2025-10-10T00:00:00.000,116,0.45464864393305504,11.85,2.3500004,24.736845,0.6588852408040176,0.018016550166254586,-0.20129486366492258,0.16431346530566737,0.07376612661440707,1.0419344542456455,6.3950042724609375,298,11.55,11.7
12682,AMD,Call,167.5,2025-10-03T00:00:00.000,116,0.4394631112231903,3.66,1.1100001,43.52942,0.3399755762425375,0.021372641050161664,-0.21476631987323042,0.14293247709780402,0.030354226138931188,0.9486268911788712,0,613,3.55,3.6
13271,AMD,Put,155,2026-01-16T00:00:00.000,116,0.43294113356021025,13,-1.8000002,-12.162163,0,0.009455131444205213,0,0.35960669048124566,0,1.0251290598223286,0,3010,13.75,13.85
12504,AMD,Put,175,2025-09-19T00:00:00.000,116,0.41992767578125,14.4,-5.1000004,-26.153849,0,0.012959991225894774,0,0.030115967118993125,0,0.9079714529854911,16.104995727539062,7500,16.4,16.6
13228,AMD,Call,230,2026-01-16T00:00:00.000,113,0.46929726927686605,2.45,0.4100001,20.098043,0.12562719537001688,0.0046963678571817135,-0.05459372666194588,0.19361610392132353,0.06093054207183914,0.6908478446628736,0,8901,2.41,2.46
12684,AMD,Call,172.5,2025-10-03T00:00:00.000,112,0.44088268314003665,2.4,0.71000004,42.011833,0.2474297046109889,0.01837526382800794,-0.1847839971521056,0.12328405960535979,0.022250344311466583,0.9211304595504982,0,400,2.35,2.38
13120,AMD,Call,240,2025-12-19T00:00:00.000,110,0.4935353604814457,1.26,0.22000003,21.15385,0.07582659882461547,0.0034950623431891353,-0.0443587617859017,0.11812342127920857,0.029261871415784717,0.6620625178019206,0,5329,1.25,1.27
12766,AMD,Call,150,2025-10-10T00:00:00.000,109,0.45059036250886986,13.37,2.3199997,20.995472,0.7061265184809491,0.017066751573584865,-0.1892692680563984,0.15426179654677585,0.07852244682073763,1.059300028483073,8.895004272460938,184,13.1,13.3
13458,AMD,Put,130,2026-03-20T00:00:00.000,109,0.454742137060579,6.9,-1.0099998,-12.768644,0,0.005380917266022206,0,0.32159014801859453,0,1.2222692636343149,0,7439,7.45,7.55
13160,AMD,Put,145,2025-12-19T00:00:00.000,109,0.4697812360182689,8.25,-0.75,-8.333333,0,0.008866422746270915,0,0.285237694020778,0,1.0958276156721445,0,7478,8.2,8.3
13421,AMD,Call,190,2026-03-20T00:00:00.000,108,0.46030550913237617,11.65,1.6099997,16.035854,0.37844243205012773,0.007206306567172033,-0.08418395624005796,0.4359534601519512,0.25237523980608917,0.836289496170847,0,1861,11.4,11.5
12568,AMD,Call,185,2025-09-26T00:00:00.000,108,0.48499907967709954,0.46,0.16,53.333332,0.06927123873851673,0.008525555253475354,-0.10213439942799182,0.04290248701123552,0.004334323469307647,0.8588919149862754,0,1263,0.45,0.46
13471,AMD,Put,195,2026-03-20T00:00:00.000,105,0.44080292593095644,41.7,1.6100006,4.0159655,0,0.007230073704723606,0,0.4188595441165605,0,0.81484617575621,36.10499572753906,190,42.7,42.9
14018,AMD,Call,140,2027-01-15T00:00:00.000,104,0.45740146837361123,45.31,2.710003,6.36151,0.7275178687311022,0.003940412518226989,-0.05245476097840831,0.6121366158930293,0.9455308722306082,1.134964316231864,18.895004272460938,2468,45.1,45.3
12572,AMD,Call,195,2025-09-26T00:00:00.000,104,0.5195878408949407,0.19,0.060000002,46.153847,0.030351845407135102,0.004104932071303886,-0.05625081057921491,0.022130123359547185,0.001903872577661837,0.81484617575621,0,948,0.18,0.2
13424,AMD,Call,210,2026-03-20T00:00:00.000,103,0.4588818915349134,7.4,0.9000001,13.846155,0.2696544991610307,0.006281200934121361,-0.07188388183278943,0.3788129602134112,0.18451734332310277,0.7566428774879093,0,2642,7.4,7.5
13436,AMD,Call,330,2026-03-20T00:00:00.000,103,0.5147337850612712,0.89,0.25,39.0625,0.04215591157730655,0.0015238433501511678,-0.021147292801271957,0.10308707598419986,0.030235318151651088,0.48150001294685135,0,600,0.86,0.89
14218,AMD,Call,125,2027-12-17T00:00:00.000,102,0.47079456994489016,64,5.169998,8.78803,0.7941164563065832,0.002529714584100044,-0.037958251321889375,0.6812964104517977,1.4088712573290367,1.2711600341796876,33.89500427246094,806,62.85,63.2
13802,AMD,Call,120,2026-09-18T00:00:00.000,102,0.5181343370304671,55.13,8.82,19.045563,0.8095408798171235,0.003269795404017475,-0.05564091399136044,0.43594682061244233,0.749116289843994,1.3241250356038412,38.89500427246094,392,53.1,53.35
13673,AMD,Call,390,2026-06-18T00:00:00.000,101,0.5165228838976416,1.15,0.14999998,14.999998,0.04544418312420212,0.0013290688292019782,-0.01872663741007139,0.1329605162334402,0.04657093227589059,0.407423087878105,0,7012,1.09,1.13
13338,AMD,Call,270,2026-02-20T00:00:00.000,101,0.5001834422901864,1.82,0.6,49.18033,0.08516395199522259,0.00294313846306813,-0.03874487271344886,0.16496151693888794,0.051982588920952574,0.5885000158239294,0,110,1.66,1.71
13452,AMD,Put,100,2026-03-20T00:00:00.000,101,0.5066100209797791,1.95,-0.30999994,-13.716812,0,0.0022079221988708393,0,0.14700725375269275,0,1.5889500427246093,0,12650,2.04,2.08
13429,AMD,Call,260,2026-03-20T00:00:00.000,101,0.48361424875183107,2.83,0.51,21.98276,0.11956329521310755,0.0035988332284698117,-0.04473113168259582,0.22873995549137813,0.08416224541660508,0.6111346318171574,0,669,2.66,2.71
14089,AMD,Put,260,2027-01-15T00:00:00.000,100,0.44507442001906644,98.5,0,0,0,0.004082930323065146,0,0.6171826613701406,0,0.6111346318171574,101.10499572753906,104,103.95,104.3
14168,AMD,Put,115,2027-06-17T00:00:00.000,100,0.4760936689353867,13.05,0,0,0,0.0025546337389332403,0,0.5417944336456347,0,1.3816956893257473,0,315,12.5,12.7
13326,AMD,Call,175,2026-02-20T00:00:00.000,99,0.47100867239071625,14.75,2.25,18,0.46247823539318955,0.007965871131515404,-0.09785116975541605,0.420440763442076,0.2606889850019947,0.9079714529854911,0,1146,14.2,14.35
13556,AMD,Call,210,2026-05-15T00:00:00.000,98,0.4677894480785934,10.54,1.5900002,17.765366,0.32135114775897716,0.005870737867208232,-0.07078709519820138,0.4673108226240143,0.27310105838482834,0.7566428774879093,0,273,10.1,10.2
13560,AMD,Call,250,2026-05-15T00:00:00.000,97,0.48161409498612695,5.5,1.06,23.873873,0.18932363145435083,0.004309938126276636,-0.053981424976512,0.35320996906395585,0.16567984904901256,0.6355800170898438,0,1798,5,5.15
13154,AMD,Put,115,2025-12-19T00:00:00.000,97,0.5031181386627378,1.68,-0.29000008,-14.720816,0,0.003564511455421777,0,0.1228097383084228,0,1.3816956893257473,0,6896,1.76,1.8
12896,AMD,Put,120,2025-10-17T00:00:00.000,97,0.5120758705004946,0.34,-0.120000005,-26.086956,0,0.002816524588112871,0,0.03591517453145262,0,1.3241250356038412,0,5651,0.4,0.42
13330,AMD,Call,195,2026-02-20T00:00:00.000,96,0.47142487479914286,9.25,1.5799999,20.59974,0.3305530196651419,0.007261799957653838,-0.08771489263450044,0.3836183841149813,0.1920619781495548,0.81484617575621,0,1008,8.75,8.85
12503,AMD,Put,172.5,2025-09-19T00:00:00.000,95,0.5004918735046778,14.3,-3.0500002,-17.579252,0,0.019323267911458216,0,0.05351742561202478,0,0.9211304595504982,13.604995727539062,1915,14.15,14.4
12726,AMD,Put,130,2025-10-03T00:00:00.000,94,0.5239173348165361,0.45,-0.07999998,-15.0943365,0,0.005057768301708044,0,0.04032477945564054,0,1.2222692636343149,0,447,0.44,0.46
12390,AMD,Put,172.5,2025-09-12T00:00:00.000,94,0.4804739453125,12.4,-4.3500004,-25.970152,0,0.0005082185730609799,0,0.00016890713527073064,0,0.9211304595504982,13.604995727539062,303,13.6,13.75
13332,AMD,Call,210,2026-02-20T00:00:00.000,94,0.47326647596013477,6.48,1.2600002,24.137936,0.2512696571189631,0.006360044600460535,-0.07666991816758184,0.33729394072303387,0.14844301109907135,0.7566428774879093,0,1994,6.15,6.25
13004,AMD,Call,120,2025-11-21T00:00:00.000,93,0.5475954428328946,41.7,3.1000023,8.031095,0.90581888829256,0.00437632689103624,-0.08196543339520944,0.11769433240428265,0.19885854314788687,1.3241250356038412,38.89500427246094,3677,41.4,41.65
12775,AMD,Call,172.5,2025-10-10T00:00:00.000,93,0.4345556404204677,3.17,0.86000013,37.229446,0.27977497597339307,0.017288873338414994,-0.17010197384145687,0.15070848475144663,0.03280165846783503,0.9211304595504982,0,191,3.1,3.15
13274,AMD,Put,170,2026-01-16T00:00:00.000,92,0.42006864535203137,20.85,-2.9300003,-12.32128,0,0.010089351095993975,0,0.3723186952068788,0,0.9346764957203585,11.104995727539062,5288,21.95,22.05
13422,AMD,Call,195,2026-03-20T00:00:00.000,92,0.4688750839856131,10.8,1.9499998,22.033895,0.35398841927716984,0.006919029851560096,-0.08341284183117893,0.4263669981005814,0.2365733798563025,0.81484617575621,0,1554,10.25,10.35
13267,AMD,Put,135,2026-01-16T00:00:00.000,91,0.46067549666989666,6.1,-0.7000003,-10.294122,0,0.006779824158034176,0,0.2743752197374179,0,1.1770000316478588,0,6760,6.25,6.35
13810,AMD,Call,160,2026-09-18T00:00:00.000,91,0.4623255430842216,31.55,3.5499992,12.678569,0.6201464967671847,0.005133481005650804,-0.065599494102201,0.6107035005575709,0.682728850801505,0.9930937767028809,0,1420,30.8,31.1
13328,AMD,Call,185,2026-02-20T00:00:00.000,90,0.47082453639239435,11.7,1.9099998,19.509703,0.39299819962921484,0.007714747207124428,-0.09372504202672576,0.4070271916512847,0.2252263835255582,0.8588919149862754,0,1503,11.15,11.3
14172,AMD,Put,135,2027-06-17T00:00:00.000,90,0.4871065670285496,21.8,0,0,0,0.0030700680798073096,0,0.6661706270901432,0,1.1770000316478588,0,234,20.1,20.25
14120,AMD,Call,140,2027-06-17T00:00:00.000,89,0.3703179799671505,44.5,0,0,0.7411189138751705,0.004140809591836979,-0.040074822122861,0.6830831120672487,1.2925890379005032,1.134964316231864,18.895004272460938,325,50,50.3
13418,AMD,Call,175,2026-03-20T00:00:00.000,88,0.4708447625201009,16.57,2.5199995,17.93594,0.47884904592882316,0.007380414727178549,-0.09141167601694841,0.4567091716292014,0.30981306925363283,0.9079714529854911,0,4581,15.85,16
13427,AMD,Call,240,2026-03-20T00:00:00.000,88,0.47763433060880806,4.21,0.84000015,24.925821,0.16752779719679295,0.0045781280002581545,-0.0558771828573146,0.2873853915939245,0.11665130711656642,0.6620625178019206,0,796,3.9,4
12734,AMD,Put,146,2025-10-03T00:00:00.000,88,0.4236617884000835,1.78,-1.3,-42.207794,0,0.016260548655780145,0,0.10483463629594995,0,1.0883219470716503,0,289,2.1,2.14
13416,AMD,Call,165,2026-03-20T00:00:00.000,85,0.4601122533727556,19.8,2.0499992,11.549292,0.5458309143432748,0.007513237889930071,-0.09030292783701385,0.4543307814560011,0.3484017270864937,0.9630000258937027,0,2716,19.65,19.75
13067,AMD,Put,190,2025-11-21T00:00:00.000,85,0.43689695963530323,33.05,-5.290001,-13.797604,0,0.009528941626838237,0,0.20446061335196178,0,0.836289496170847,31.104995727539062,326,34.1,34.35
13006,AMD,Call,130,2025-11-21T00:00:00.000,85,0.5563166913283294,33.75,3.2999992,10.837436,0.8345765009261163,0.006377712851803967,-0.1145699369906329,0.1742500945797061,0.19230308504944943,1.2222692636343149,28.895004272460938,3814,32.9,33.05
13472,AMD,Put,200,2026-03-20T00:00:00.000,85,0.435172382006458,45.3,-6.6000023,-12.716767,0,0.0070233363202119375,0,0.40168536912525915,0,0.7944750213623046,41.10499572753906,117,46.7,47.15
13209,AMD,Call,120,2026-01-16T00:00:00.000,84,0.5219551761793434,44.34,3.8400002,9.481482,0.8667200125740964,0.004399186749840422,-0.07486017466020796,0.20171442190881522,0.32490246500891873,1.3241250356038412,38.89500427246094,10368,43.75,43.95
13496,AMD,Call,185,2026-04-17T00:00:00.000,84,0.4530620512241778,14.27,2.7400007,23.7641,0.42421021203496767,0.007040887964715848,-0.08083314009739578,0.48102675850049514,0.3173535504906978,0.8588919149862754,0,134,14.05,14.15
12815,AMD,Put,152.5,2025-10-10T00:00:00.000,83,0.4283185226189298,4.54,-1.1599998,-20.350876,0,0.018984494606660993,0,0.16311410422575598,0,1.0419344542456455,0,1081,4.6,4.65
12571,AMD,Call,192.5,2025-09-26T00:00:00.000,82,0.5371861337606824,0.31,0.15,93.75001,0.04530369948351825,0.0055076218370871234,-0.08071002194905239,0.030697837841440978,0.0028309033656131167,0.8254285936231737,0,451,0.22,0.24
13646,AMD,Call,160,2026-06-18T00:00:00.000,82,0.4592928625426368,26.94,2.3400002,9.512196,0.6026407248773387,0.006033608440978123,-0.07468299932678117,0.5367258000639322,0.5279081686345267,0.9930937767028809,0,6348,26.7,26.9
12688,AMD,Call,182.5,2025-10-03T00:00:00.000,82,0.4580970684417188,1.05,0.34999996,49.999996,0.1242771866075173,0.011472688439355467,-0.12357413163926269,0.07997845580467193,0.01126943918173587,0.8706575576573202,0,513,1.01,1.03
12849,AMD,Call,130,2025-10-17T00:00:00.000,81,0.6567482932671882,31.9,4.699999,17.279408,0.8633224100081937,0.006681219776253095,-0.16106964933209852,0.10926594675392468,0.10383545887571165,1.2222692636343149,28.895004272460938,7583,30.25,30.45
12744,AMD,Put,165,2025-10-03T00:00:00.000,80,0.3734176989445998,9.2,-2.9000006,-23.966946,0,0.025856457459308653,0,0.1469312670263611,0,0.9630000258937027,6.1049957275390625,339,10.05,10.15
13321,AMD,Call,150,2026-02-20T00:00:00.000,80,0.4717454441878591,25.43,2.5300007,11.048038,0.6542909765555464,0.007383605758239465,-0.09477967830847663,0.3903182434647322,0.34855994349223673,1.059300028483073,8.895004272460938,1405,25.25,25.4
14250,AMD,Call,370,2027-12-17T00:00:00.000,80,0.4564966911646342,10.55,1,10.471204,0.22522896112411966,0.0027484677759255284,-0.03269766577088833,0.7177305208366362,0.5718253376455286,0.4294459574931377,0,502,10.25,10.4
13861,AMD,Put,150,2026-09-18T00:00:00.000,80,0.43629300869026966,19.6,-2.3799992,-10.828022,0,0.005166191451049066,0,0.5799884054018642,0,1.059300028483073,0,1176,20.75,20.9
13260,AMD,Put,100,2026-01-16T00:00:00.000,79,0.5264806736708683,1.04,-0.09000003,-7.9646053,0,0.0019345430012048348,0,0.08947303386991287,0,1.5889500427246093,0,21874,1.03,1.07
13912,AMD,Call,160,2026-12-18T00:00:00.000,79,0.4518590118537846,34.75,2.2000008,6.758835,0.6332759470640998,0.0046555440155236,-0.05807371777776602,0.6737239680432784,0.8356120530839936,0.9930937767028809,0,1563,34.6,34.85
13048,AMD,Put,95,2025-11-21T00:00:00.000,78,0.605357516325567,0.31,-0.099999994,-24.390242,0,0.0010605468578749984,0,0.03153027590324915,0,1.672578992341694,0,4774,0.32,0.35
12976,AMD,Put,155,2025-10-24T00:00:00.000,78,0.43082081706716197,7.1,-1.2000003,-14.457834,0,0.016355182241739912,0,0.2095791839193847,0,1.0251290598223286,0,575,7.05,7.2
12634,AMD,Put,175,2025-09-26T00:00:00.000,77,0.3238521992111577,16.18,-4.26,-20.841488,0,0.01409983451469676,0,0.04737832980088896,0,0.9079714529854911,16.104995727539062,636,17.05,17.25
13648,AMD,Call,170,2026-06-18T00:00:00.000,76,0.4560706295669242,22.75,1.9200001,9.217475,0.54277406003917,0.006249269156512581,-0.07519377803537688,0.5520100544536382,0.4870779245176265,0.9346764957203585,0,5726,22.55,22.7
13062,AMD,Put,165,2025-11-21T00:00:00.000,76,0.47655352854201816,16.05,-1.5,-8.5470085,0,0.011937236717806355,0,0.2793839581761579,0,0.9630000258937027,6.1049957275390625,4377,16,16.1
13959,AMD,Put,120,2026-12-18T00:00:00.000,75,0.48248195143718026,11.9,0,0,0,0.0031322380342148105,0,0.48399897668306535,0,1.3241250356038412,0,4684,11.15,11.3
14225,AMD,Call,160,2027-12-17T00:00:00.000,75,0.44667759153056513,46.83,2.5300026,5.7110667,0.6774809253148599,0.00335828695859011,-0.04321943290709763,0.8581142220177227,1.3779934972613037,0.9930937767028809,0,1253,46.7,46.95
13920,AMD,Call,200,2026-12-18T00:00:00.000,74,0.45543944560359356,21.8,2.3499985,12.082253,0.46289676789368495,0.004873504966688473,-0.05885447817289896,0.7108544193282179,0.6564703712695128,0.7944750213623046,0,3608,21.15,21.35
12953,AMD,Call,200,2025-10-24T00:00:00.000,74,0.4626098542985251,0.99,0.3,43.478264,0.09013609338380402,0.00644370433791613,-0.0711966930684586,0.08866384518680287,0.01570639787843469,0.7944750213623046,0,180,0.93,0.97
13419,AMD,Call,180,2026-03-20T00:00:00.000,74,0.45661817129121013,14.3,1.6000004,12.598428,0.4401340814539463,0.007535106090122629,-0.08753295714770162,0.4521929470284936,0.28960740501603527,0.8827500237358941,0,2430,14.15,14.3
13231,AMD,Call,260,2026-01-16T00:00:00.000,73,0.4917692277759773,1.2,0.22000003,22.448982,0.06621621015714059,0.0027907082118791256,-0.03528818283803714,0.12056107793432559,0.03243345135533638,0.6111346318171574,0,3010,1.15,1.17
12895,AMD,Put,115,2025-10-17T00:00:00.000,73,0.5462103923155207,0.25,-0.060000002,-19.35484,0,0.0020065810110390285,0,0.02729271745627035,0,1.3816956893257473,0,5166,0.27,0.29
12818,AMD,Put,160,2025-10-10T00:00:00.000,72,0.4089905149065358,7.62,-2.1099997,-21.685507,0,0.02177194718636244,0,0.17862248534205552,0,0.9930937767028809,1.1049957275390625,232,7.95,8.05
13029,AMD,Call,290,2025-11-21T00:00:00.000,72,0.5493578529300356,0.12,0,0,0.009906912197591813,0.0006866540215423944,-0.010611804536981203,0.01852589828503084,0.0028286377746134395,0.5479138078360722,0,116,0.18,0.2
12804,AMD,Put,130,2025-10-10T00:00:00.000,71,0.49690320614216615,0.65,-0.19,-22.61905,0,0.005597593649233324,0,0.05579545025516726,0,1.2222692636343149,0,223,0.65,0.68
12729,AMD,Put,141,2025-10-03T00:00:00.000,71,0.4690372034865799,1.28,-0.4100001,-24.260359,0,0.011695470263262005,0,0.08347862426856135,0,1.1269149239181626,0,114,1.26,1.3
13333,AMD,Call,220,2026-02-20T00:00:00.000,70,0.4713476826361422,5,0.9000001,21.951221,0.20535203597594803,0.005700204614725413,-0.06782561712891184,0.30107483550779096,0.12262917388133156,0.722250019420277,0,991,4.85,4.95
14071,AMD,Put,140,2027-01-15T00:00:00.000,70,0.4511764960815179,18.7,-1.1199989,-5.650852,0,0.00399216115942976,0,0.61173544613373,0,1.134964316231864,0,10265,19.15,19.25
13910,AMD,Call,150,2026-12-18T00:00:00.000,70,0.4690043918967278,40.2,3.5499992,9.686219,0.6805473909038031,0.004257631393250978,-0.05769843710982727,0.6395191911640662,0.8617581866022168,1.059300028483073,8.895004272460938,2207,39.15,39.4
13501,AMD,Call,220,2026-04-17T00:00:00.000,70,0.4556633013157046,7.01,1.7600002,33.523815,0.24822686170167113,0.00565771941402955,-0.06399427822934463,0.3887492579005687,0.19370350133250955,0.722250019420277,0,243,6.9,7.05
13592,AMD,Put,120,2026-05-15T00:00:00.000,70,0.47382679578837245,6.4,-0.5499997,-7.913665,0,0.003971414983241446,0,0.32020463632600965,0,1.3241250356038412,0,911,6.6,6.7
13329,AMD,Call,190,2026-02-20T00:00:00.000,69,0.4696177851233062,10.35,1.8000002,21.052633,0.3600762790638358,0.007526171422577578,-0.09058703398017104,0.3960602689137581,0.2080005519956746,0.836289496170847,0,1090,9.9,10.05
13420,AMD,Call,185,2026-03-20T00:00:00.000,68,0.47485687071711524,13.64,2.3400002,20.707966,0.41608860327498687,0.007165649187097727,-0.08927071322777198,0.4471976277405262,0.27315441301559595,0.8588919149862754,0,1116,12.7,12.8
14243,AMD,Call,300,2027-12-17T00:00:00.000,68,0.4465322467123771,16,1.1400003,7.6716037,0.31752225399005396,0.0033375004137064447,-0.03880494695723607,0.8525253204751386,0.7806132279698176,0.5296500142415365,0,1620,15.9,16.05
13641,AMD,Call,135,2026-06-18T00:00:00.000,68,0.4939046529592015,41.2,4.09,11.021288,0.746640980517743,0.004655831607281914,-0.06918658461387646,0.4453752045207205,0.5940412630416748,1.1770000316478588,23.895004272460938,3958,40,40.2
13656,AMD,Call,220,2026-06-18T00:00:00.000,68,0.45834647597652334,9.85,1.5,17.964071,0.296888008510993,0.005424978652727175,-0.06301651609765059,0.4815901360416454,0.28632125990748103,0.722250019420277,0,2218,9.65,9.75
12310,AMD,Call,146,2025-09-12T00:00:00.000,67,1.0136789787089227,13.1,3.3000002,33.673473,0.9477867161616029,0.012662358081194197,-0.6736117608199774,0.008878562429672592,0.0037670842277775242,1.0883219470716503,12.895004272460938,450,12.85,13.05
13547,AMD,Call,160,2026-05-15T00:00:00.000,67,0.4823897516196597,26.3,3.0999985,13.3620615,0.5981593768324585,0.006146983454521227,-0.08256710159636153,0.5045716499903812,0.4633193434904627,0.9930937767028809,0,439,25.25,25.4
14024,AMD,Call,170,2027-01-15T00:00:00.000,66,0.4674872215782495,33.1,3.619999,12.279508,0.5970620234502386,0.004492846736418338,-0.05899186939320911,0.7133463801816269,0.8309357487293552,0.9346764957203585,0,1332,31.6,31.75
14073,AMD,Put,150,2027-01-15T00:00:00.000,66,0.44667142711936403,23.08,-1.9300003,-7.716914,0,0.0043312171743187635,0,0.657063354308301,0,1.059300028483073,0,3125,23.8,24
13652,AMD,Call,190,2026-06-18T00:00:00.000,65,0.452471594808338,16.1,1.6100006,11.111115,0.4303254432243011,0.0062385584466663965,-0.07227972380929813,0.5467152918072273,0.4010256898385948,0.836289496170847,0,1817,16.05,16.15
13273,AMD,Put,165,2026-01-16T00:00:00.000,64,0.44976275936311744,18.95,-1.4200001,-6.9710355,0,0.009454952963325028,0,0.37357190573686894,0,0.9630000258937027,6.1049957275390625,3664,18.95,19.1
13367,AMD,Put,135,2026-02-20T00:00:00.000,63,0.4698816201489091,7.9,-0.62000036,-7.2769995,0,0.0061272249445351755,0,0.3226226976034392,0,1.1770000316478588,0,1326,7.95,8.05
12907,AMD,Put,175,2025-10-17T00:00:00.000,62,0.4299115013828706,18.7,-2.5999985,-12.206566,0,0.015360200625334094,0,0.16443947231808045,0,0.9079714529854911,16.104995727539062,4858,18.8,19
12620,AMD,Put,146,2025-09-26T00:00:00.000,62,0.4699412878954789,1.44,-0.63999987,-30.769224,0,0.016730730277002948,0,0.08157881287226214,0,1.0883219470716503,0,406,1.42,1.44
13571,AMD,Call,360,2026-05-15T00:00:00.000,62,0.49015206035624237,0.87,0,0,0.03884149981668303,0.0013159176774727157,-0.016678813446329346,0.10975448652792641,0.035732142156517176,0.44137501186794703,0,693,1.13,1.17
12549,AMD,Call,145,2025-09-26T00:00:00.000,62,0.5739555337679658,16.25,3.6499996,28.96825,0.8047717412891418,0.014923544213625625,-0.2639920472762525,0.08887284943301262,0.04587296271390165,1.0958276156721445,13.895004272460938,143,15.3,15.45
14010,AMD,Call,100,2027-01-15T00:00:00.000,62,0.49365767878196115,70.98,5.1800003,7.87234,0.8827873651395737,0.0021625945506925366,-0.03739927783988853,0.36258523483461924,0.9320996317359943,1.5889500427246093,58.89500427246094,9903,70.55,70.8
13808,AMD,Call,150,2026-09-18T00:00:00.000,61,0.4744539197629766,36.7,3.5,10.542169,0.6717951203310917,0.004747929148270783,-0.06465871585631552,0.5796539903812242,0.7138821514428638,1.059300028483073,8.895004272460938,1253,35.5,35.7
13508,AMD,Put,130,2026-04-17T00:00:00.000,61,0.4496281650828658,7.65,-1.4500003,-15.934069,0,0.0051620087317724075,0,0.34999058204011946,0,1.2222692636343149,0,633,8.2,8.35
13211,AMD,Call,130,2026-01-16T00:00:00.000,61,0.4904019564504058,36.15,3.1000023,9.379735,0.8123501479268702,0.005858755897208162,-0.08533347611885493,0.252399761578239,0.32333984352460104,1.2222692636343149,28.895004272460938,12310,35.95,36.15
13704,AMD,Put,175,2026-06-18T00:00:00.000,60,0.4422627104347019,31,-4.200001,-11.93182,0,0.006479855680216064,0,0.5550489807089842,0,0.9079714529854911,16.104995727539062,1257,31.9,32.05
12696,AMD,Call,205,2025-10-03T00:00:00.000,59,0.5248758671046546,0.22,0.08,57.142857,0.029117622434548972,0.0032417784431470554,-0.04543848979735998,0.02589346899257997,0.0026560598439757366,0.7750975818168826,0,462,0.2,0.22
14022,AMD,Call,160,2027-01-15T00:00:00.000,59,0.4588542441081589,36.34,3.040001,9.129132,0.6383984237662161,0.004430889096152527,-0.05706678491260146,0.6905175907779691,0.8757061713283789,0.9930937767028809,0,1375,35.6,35.75
13229,AMD,Call,240,2026-01-16T00:00:00.000,59,0.4918185439263221,2.17,0.6,38.21656,0.10963105758940433,0.004069323163181841,-0.05172912322086726,0.17581601115572976,0.05306104315715006,0.6620625178019206,0,3609,1.86,1.89
13647,AMD,Call,165,2026-06-18T00:00:00.000,59,0.475556192251323,25.75,3.0300007,13.33627,0.5758988821987581,0.005918468977603573,-0.07748834361854258,0.5451259662617192,0.5044407533505094,0.9630000258937027,0,7322,24.65,24.8
13235,AMD,Call,300,2026-01-16T00:00:00.000,58,0.5167387049434584,0.5,0.08000001,19.047623,0.02958142331341834,0.001388601397258103,-0.019240895669125287,0.06303473521909449,0.0146148829791487,0.5296500142415365,0,12958,0.49,0.52
13752,AMD,Call,220,2026-08-21T00:00:00.000,58,0.4718710916452468,13.35,2.2200003,19.946095,0.34496324016282326,0.005061525499031341,-0.06303846064161954,0.568317285093492,0.39077396763596534,0.722250019420277,0,812,12.35,12.55
12908,AMD,Put,180,2025-10-17T00:00:00.000,57,0.3812041928931002,22.05,-3.6500015,-14.20234,0,0.013369457250337887,0,0.12691167267294584,0,0.8827500237358941,21.104995727539062,1885,22.9,23.05
12833,AMD,Call,50,2025-10-17T00:00:00.000,57,5.24090541845219,126.28,0,0,0.936723173799,0.00047479555859602954,-0.656875913393577,0.06196452034400827,0.02225158293985179,3.1779000854492185,108.89500427246094,112,108.7,109.45
13651,AMD,Call,185,2026-06-18T00:00:00.000,56,0.4528083371755494,17.55,1.6999989,10.725544,0.45704653783319504,0.006293986024869752,-0.07338808357384298,0.5519831769577794,0.42247329432551567,0.8588919149862754,0,2586,17.45,17.6
13368,AMD,Put,140,2026-02-20T00:00:00.000,56,0.46955073491705,9.65,-0.70000076,-6.7632923,0,0.006631420685360804,0,0.3489247213803078,0,1.134964316231864,0,4720,9.55,9.65
12552,AMD,Call,148,2025-09-26T00:00:00.000,55,0.46892843094650305,13,2.6499996,25.60386,0.7916145341893319,0.018993570290760244,-0.22712528419361772,0.09241278394357594,0.04634942251732441,1.0736148937328442,10.895004272460938,212,12.8,12.9
14227,AMD,Call,170,2027-12-17T00:00:00.000,55,0.45679321692425073,44.09,3.4399986,8.4624815,0.6470440461532894,0.0034005819600306927,-0.04486628787680491,0.8885994170661432,1.3304972322548974,0.9346764957203585,0,1832,42.95,43.25
12427,AMD,Call,125,2025-09-19T00:00:00.000,54,1.3566752389696597,35.59,4.790001,15.551951,0.9030890944156171,0.00537415355261369,-0.512637300512895,0.04034628744827364,0.023650705866429002,1.2711600341796876,33.89500427246094,11012,33.9,34.1
13153,AMD,Put,110,2025-12-19T00:00:00.000,54,0.5206951246287239,1.31,-0.17000008,-11.486491,0,0.0028645158656192215,0,0.10214040122137563,0,1.444500038840554,0,7143,1.31,1.34
12544,AMD,Call,140,2025-09-26T00:00:00.000,54,0.4800329183021304,19.76,2.9799995,17.759233,0.9141120621731231,0.010142242488946115,-0.1369941935861474,0.05051541097630702,0.05157034521555061,1.134964316231864,18.895004272460938,511,19.65,20
13492,AMD,Call,165,2026-04-17T00:00:00.000,53,0.47680985398762965,22.3,3.17,16.570831,0.5583410580437466,0.006740552135205073,-0.08730970621927983,0.4846461973080041,0.39668596841453757,0.9630000258937027,0,760,21,21.15
13365,AMD,Put,125,2026-02-20T00:00:00.000,53,0.46955642574879447,5,-0.8000002,-13.793106,0,0.004964670428617896,0,0.2612286753049543,0,1.2711600341796876,0,1895,5.3,5.35
12786,AMD,Call,200,2025-10-10T00:00:00.000,53,0.4870308566899391,0.5,0.18,56.25,0.05658006404120817,0.005215003802669574,-0.0633142459334914,0.0509491246071406,0.006745709479708293,0.7944750213623046,0,447,0.45,0.48
12803,AMD,Put,125,2025-10-10T00:00:00.000,53,0.5234580948708983,0.43,-0.110000014,-20.370373,0,0.003867170459737375,0,0.04060699530898664,0,1.2711600341796876,0,178,0.43,0.45
13679,AMD,Put,50,2026-06-18T00:00:00.000,53,0.6450404466147586,0.31,0,0,0,0.0002596079035815065,0,0.032433253050428296,0,3.1779000854492185,0,1115,0.25,0.3
14058,AMD,Put,75,2027-01-15T00:00:00.000,52,0.5312682334389003,2.85,0,0,0,0.0011080315973532686,0,0.19992868405920736,0,2.118600056966146,0,5716,2.47,2.53
12807,AMD,Put,143,2025-10-10T00:00:00.000,51,0.4171081128335188,1.7,-1.01,-37.26937,0,0.013181851643018654,0,0.11029369234672737,0,1.1111538760311954,0,319,2.09,2.12
13117,AMD,Call,210,2025-12-19T00:00:00.000,51,0.4802140580469292,3.28,0.75,29.64427,0.17192112445974678,0.00641384330339983,-0.07790860739815855,0.21091915916033982,0.06519735267808813,0.7566428774879093,0,5648,3.1,3.2
13066,AMD,Put,185,2025-11-21T00:00:00.000,51,0.43497569443296474,28.94,-3.210001,-9.98445,0,0.010550844656487694,0,0.22539184014876146,0,0.8588919149862754,26.104995727539062,562,30.05,30.25
13007,AMD,Call,135,2025-11-21T00:00:00.000,51,0.5212876321410462,29.38,3.1799984,12.137399,0.8044522020931963,0.007559981011704461,-0.11853781858648915,0.19354595361734045,0.19149271129561157,1.1770000316478588,23.895004272460938,2804,29,29.2
13694,AMD,Put,125,2026-06-18T00:00:00.000,51,0.4797336588462617,9.04,0,0,0,0.004149034571304599,0,0.3855075578320395,0,1.2711600341796876,0,6174,8.65,8.8
13145,AMD,Put,70,2025-12-19T00:00:00.000,50,0.695452682692877,0.14,-0.030000001,-17.647058,0,0.00032463711601708457,0,0.015460679398330573,0,2.269928632463728,0,5876,0.13,0.15
13462,AMD,Put,150,2026-03-20T00:00:00.000,50,0.4425932468950157,13.98,-1.46,-9.455958,0,0.007242671066476534,0,0.4212935085417805,0,1.059300028483073,0,5367,14.7,14.8
14055,AMD,Put,60,2027-01-15T00:00:00.000,50,0.5625823516152733,1.47,0,0,0,0.0006313363562660682,0,0.12063019148407246,0,2.6482500712076824,0,4290,1.24,1.3
